inmate_id,sponsor_id
130382,530
127739,599
128879,740
131276,65
131714,749
131951,59
132236,719
132506,800
132716,50
132818,50
125936,1184
121079,167
130382,1448
130382,1553
120083,401
131150,644
137998,278
139381,992
139666,1532
140392,1532
117278,1768
142132,1822
142132,1852
143212,1106
144532,1642
144133,1145
144895,1831
145117,1532
146275,1532
146470,1831
147034,1532
147241,1532
147565,1532
130382,2374
147841,2062
130382,2530
137137,1532
149476,2533
148360,101
150226,2899
149923,2947
149923,3022
151870,3397
153769,3649
154120,3727
130382,3940
150226,4006
153967,4060
148507,4126
130382,4192
153967,4261
153967,4135
158170,4447
148507,4525
130382,4558
148507,4630
135155,4684
135155,4759
162085,4987
148507,5104
148507,5164
135155,5284
163777,4984
158305,2314
163102,5695
148507,5965
153478,6226
153478,6298
163600,6355
163777,6748
163600,6889
163288,764
148507,7255
148507,7402
163777,7483
167749,7525
175909,7606
148507,7672
163600,7792
173677,7861
148507,7933
177601,7981
175909,7570
148507,8116
176953,8206
148507,8260
163777,8305
163777,8440
163777,8545
163777,8599
184150,755
163777,8752
187120,6955
188182,8890
189184,9037
187180,9091
187180,9250
195562,9388
164752,9466
164752,9757
178516,9835
202816,10009
195562,10162
164752,10249
164752,10402
209602,10627
209602,10801
209602,10885
209602,10948
166027,1382
209602,11083
213928,11146
209602,11224
214195,11290
97483,65
129818,245
130382,422
96718,506
130382,647
130382,716
131213,59
132482,416
132164,992
134189,167
134867,1831
134933,1831
133322,602
135662,1379
136202,341
136577,98
135509,1508
120083,1666
139288,1831
139420,1696
139882,1532
80867,1642
140728,1532
126668,230
143521,479
87292,1256
144331,1106
144448,410
144895,479
146638,2212
146821,1642
147343,1532
147562,1496
147796,1532
145108,2062
130382,2686
150226,3001
151213,3088
104813,2167
148432,3235
149923,3283
148246,1882
151552,3484
153592,3628
135155,3850
155470,3994
155467,3817
154129,4108
156673,4171
125933,41
117278,401
122303,1831
130571,59
130400,749
130478,803
131180,59
120719,968
131786,47
132107,740
87292,41
133316,1211
134189,194
97012,1370
120083,383
135176,1379
136325,1573
137581,266
137953,1831
138544,1244
139183,41
138436,602
140131,1532
140335,1696
140464,1831
140671,1532
140497,1286
141277,1837
143644,1927
144010,194
144409,1975
145222,1532
145393,1532
145474,1532
145732,1642
145864,2161
146560,1028
146719,1882
146917,2227
147439,1642
147631,1882
130382,2383
148432,2497
140605,2539
130382,2665
149476,2722
149476,2800
143071,2866
148360,125
80867,1873
153592,3607
135155,3682
150226,3829
130382,3901
155470,1226
156673,4153
135023,11359
216262,11686
209602,11761
218224,12085
209602,12295
209602,12367
209602,12454
220603,12667
209602,12838
209602,12907
209602,12988
174331,10414
209602,13126
175909,11395
223861,13483
220603,13546
220603,13687
209602,13753
209602,13819
209602,13900
187120,8014
209602,14164
225844,14263
209602,14323
209602,14401
209602,14482
209602,14626
209602,14707
229603,14764
157417,14881
220603,15007
209602,15073
165514,15205
165514,15268
230224,15340
232855,15463
157417,15505
233710,15571
165514,15703
209602,15754
209602,15958
224119,6097
157417,16390
209602,16447
233776,16531
165514,16603
165514,16666
209602,16738
157417,16873
165514,17020
165514,17110
157417,17164
157417,17224
220603,17305
209602,17494
157417,17620
209602,17689
220603,17869
209602,17980
157417,18013
220603,18178
254302,18232
209107,18283
225844,18451
105569,4240
156673,4315
158170,4507
148507,4609
135155,4678
135155,4738
157741,416
157129,4153
162067,5035
163288,5089
148507,5146
163516,5209
163777,5266
148507,5326
146635,3607
163288,5518
164326,5461
148507,5824
167887,5956
148507,6010
148507,6082
148258,6208
148507,6274
167749,6394
148507,6466
163777,1496
148507,6571
153478,6643
163777,6736
163777,6799
148507,6868
148507,7009
148507,7087
169309,2509
148507,7240
175909,7594
174037,7654
148507,7780
174016,1391
148507,7960
148507,8032
148507,8257
174037,8227
163777,8014
183616,8647
186511,8791
163777,8911
178516,6955
187180,9145
187180,9226
164752,9448
196348,9526
164752,9658
164752,9814
164752,9985
180322,10138
164752,10225
207124,10279
200368,10378
208738,10459
210382,10603
209602,10780
209602,10864
209602,10927
209602,10990
209602,11065
211597,3613
209602,11203
161986,11062
209602,11353
148507,4222
130382,4297
130382,4483
130382,4588
148507,4033
148507,4855
159031,4984
156979,4984
163777,2437
163777,5257
148507,5305
148507,5449
148507,5506
156979,5632
165025,5749
148507,5803
163600,5638
148507,6061
163777,6118
148507,6253
148507,6325
148507,6376
148507,6445
148507,6553
148507,6622
153478,6712
148507,6850
163777,6925
156979,6271
148360,7066
148507,7144
173677,7216
148507,7282
148507,7450
148507,7504
148507,7696
176578,3985
148507,7828
177265,7897
163777,7945
167749,929
148507,8095
148507,8236
148507,8287
176953,8290
178516,8683
183613,8728
187180,8830
188503,6955
187180,9121
178516,9289
164752,9430
195565,9502
196669,9574
164752,9712
164752,9793
201286,9874
178516,10051
178516,10204
178516,10288
200368,10357
164752,10438
209611,10525
209602,10585
137245,10756
209602,10843
187120,146
209602,10978
209602,10609
209602,11110
209602,11182
209602,11260
209602,11434
209602,11509
209602,11665
209602,11818
209602,11890
135023,11884
135023,12010
209602,12070
219100,146
209602,12352
209602,12433
209602,12517
209602,12574
209602,12766
220708,4714
221299,12967
209602,13102
221299,13252
223612,13378
220603,13459
209602,13522
223612,13609
209602,13669
209602,13732
225850,13810
226114,13882
209602,14305
209602,14380
209602,14461
220603,14524
157417,14608
209602,14686
175909,14083
157417,14038
180322,7057
209602,15127
209602,15316
233707,15556
209602,15616
233776,15808
165514,15934
209602,16018
165514,16159
225850,16222
157417,16294
209602,16369
209602,16507
165514,16579
216262,15808
209602,16726
209602,16783
220603,16852
209602,16996
220603,17086
239479,14071
224953,17200
225844,17398
218566,17599
218566,17665
209602,17725
209602,17914
234793,17626
252994,18124
220603,18166
254197,18217
209602,11410
209602,11566
155470,11635
209602,11722
209602,11800
209602,11866
209602,12055
218545,12331
209602,12622
209602,12871
220603,13357
209602,13504
209602,13585
55296,13651
209602,13714
209602,13858
209602,13930
216802,13996
227518,14191
157417,14437
209602,14584
157417,14662
230224,14761
165514,14863
230224,14797
209602,15112
209602,15235
232447,14038
220603,15535
165514,15601
209602,15790
233776,15868
165514,16078
209602,16144
165514,16198
165514,16273
165514,16345
209602,16414
157417,16483
237877,16768
220603,16834
223120,16900
209602,16975
209602,17143
209602,17188
199807,16093
157417,17524
239479,17584
220603,17644
209602,17776
209602,17824
165514,17896
209602,17944
237877,13588
220603,13885
220603,18106
157417,18214
157417,18322
224953,18418
124100,98
97012,368
130232,455
130334,536
128330,605
130382,659
130382,779
130382,854
131486,59
131732,59
131903,998
132251,50
129818,1121
132833,65
133259,719
133778,986
134039,740
130382,1310
135209,725
136016,1502
136157,1379
136319,740
136610,986
139465,1379
139420,986
140398,1451
140584,986
142141,1810
142900,1286
142867,1900
144094,1286
144547,1831
144760,1532
144913,1532
145150,1831
145339,1532
144568,2104
146494,1532
147250,1831
147574,1532
147730,1532
144052,533
130382,2578
130382,2788
149767,2842
148432,3031
148507,3406
148258,3469
148507,3514
153769,3658
154129,3811
130334,3949
156673,4135
127739,56
117278,323
130631,65
130400,803
125933,866
121079,980
132134,59
132335,146
132644,476
125936,1373
136517,992
131786,1561
136016,1451
138355,1451
139264,1511
139867,1532
140518,1532
140689,1532
140917,407
141292,1831
135641,1511
143497,440
143647,1942
144265,1831
143641,1990
145021,1532
142573,2059
145402,1532
146149,1106
146434,1532
146578,1831
146767,2227
147151,1451
147334,1882
147154,2329
147631,2062
147787,1532
147814,1885
130382,2506
148432,2605
130382,2677
148246,2758
130382,2818
122300,2689
148507,2992
150001,3157
148507,3226
130382,3367
153967,3697
154129,3778
130382,3916
155470,3985
154129,4036
148507,4234
154129,4306
158170,4498
103715,4675
148507,4804
130382,4966
162376,5026
148507,5140
105569,5092
158170,5317
148507,5392
165025,5386
148507,5515
148507,5581
163102,5548
148507,5761
163600,5818
145864,5878
164326,5947
148507,6073
148507,6133
167590,1496
163288,4510
167749,6091
148507,6457
153478,5647
148507,6565
148507,6634
163777,6727
148507,6859
148507,7078
148507,7156
148507,7231
163777,7297
163600,7381
148507,7462
148507,7591
176149,7645
148507,7708
148507,7771
163777,6097
148507,7906
163777,7957
148507,8101
148507,8173
148507,8248
163777,8476
183613,8638
163777,8689
163777,8782
187180,8845
186511,8008
187180,9073
187180,9220
193684,9301
174037,9439
164752,9649
164752,9808
164752,10066
204790,10129
178516,10216
164752,10453
209611,10537
209602,10597
209602,10771
209602,10855
177943,9067
209602,11056
135023,11062
209602,11347
148507,4198
153967,4270
148507,4348
157741,4396
148507,4456
148507,4531
137137,4498
148507,4639
148507,4693
159259,4768
148507,4837
153226,1439
143071,4930
137137,3271
148507,5173
163777,5353
161731,5425
148507,5545
148507,5605
148507,5668
148507,5716
148507,5785
55296,5056
148507,5905
148507,6160
163777,6307
148507,6361
158305,6415
164326,6481
148507,6535
148507,6679
163777,6823
148507,6898
148507,7042
148507,7114
174016,7189
148507,7339
175582,7492
148507,7546
174016,7612
163600,7801
177019,7870
148507,7987
148507,8062
148507,8125
178516,8212
148507,8266
167749,6817
178516,8449
163777,8707
182083,8761
186511,6955
187276,8869
187120,8929
188503,9043
190459,9100
187180,9172
164752,9397
178516,9472
196348,9604
164752,9682
195562,9763
201283,9844
178516,9931
164752,10084
164752,10171
195562,10258
164752,10324
164752,10411
164752,10495
209611,10561
209602,10636
209602,10723
209602,10810
209602,10957
155470,11017
161986,10951
214999,11425
209602,11500
161986,11431
209602,11653
209602,11947
209602,12004
209602,12133
209602,12343
209602,12424
209602,12757
220603,11731
209602,13099
166027,4714
209602,13513
209602,13600
223612,11092
209602,13726
137245,1382
220603,13939
209602,14008
209602,14200
218224,13588
209602,14452
157417,14677
224119,12682
165514,15310
157417,15373
209602,15439
157417,15550
210859,14692
165514,15676
233722,15757
165514,15883
209602,15595
234793,16090
209602,16156
165514,16213
165514,16288
209602,16360
234793,16498
209602,16570
216262,15673
165514,16780
218566,16843
165514,17146
213928,17200
165514,17275
234793,9769
157417,17470
209602,17536
218566,17656
209602,17716
165514,17836
209602,17908
209602,17956
157417,17998
157417,18115
165514,18262
220603,18328
225844,18373
166027,11431
177943,11431
209602,11608
209602,11770
210859,11638
166027,12079
209602,12376
209602,12538
209602,12676
218566,11212
209602,12787
209602,12847
209602,12997
209602,13063
209602,13195
210859,13282
209602,13408
216634,13393
224008,11731
209602,13693
135023,13828
225844,13966
216802,14038
218224,10951
209602,14224
209602,14272
157417,14332
157417,14410
209602,14491
209602,14551
229606,14716
229603,14770
166027,14836
165514,14890
220603,14944
157417,15016
209602,15271
232447,14500
229606,15469
232768,11731
221296,13588
157417,15901
165514,15967
165514,16048
209602,16174
165514,16324
209602,15811
230224,16489
165514,16612
209602,16675
165514,16747
220603,16879
220603,16945
239479,17119
220603,17170
157417,17233
221296,17338
165514,17692
246412,8416
239479,17863
165514,18022
220603,18049
137245,18055
254302,17974
233776,9433
254857,18055
229606,17995
225844,18922
239479,19006
225844,19066
229606,20326
225844,20383
225844,20635
174331,17059
174331,21190
237877,21205
234793,2209
225844,21382
254197,21508
225844,21646
233776,22000
267676,22129
266590,22321
225844,22513
187120,21805
165514,23338
272545,23476
272545,23548
272641,23743
274492,23806
225844,23887
239479,24064
165514,24133
165514,24415
225844,22912
225844,24889
239479,24955
225844,25093
225844,25147
239479,25213
280393,16714
195562,18643
251932,15169
225844,18757
165514,18796
225844,19048
165514,20368
225844,20614
261565,20836
225844,21121
225844,21181
165514,21226
225844,21283
220708,21205
237877,2209
221296,21532
266590,21625
220603,21742
165514,21982
220603,22060
225844,22438
165514,22558
165514,22639
239479,22702
225844,22876
239479,22927
225844,23641
272545,23788
239479,23866
225844,23935
180322,24052
165514,24115
225844,24187
165514,24256
165514,24394
165514,24466
272104,24535
225844,24592
225844,24652
225844,25000
225844,25129
278902,25531
274807,25318
284584,26089
284584,26296
284584,26464
225844,26674
292441,27265
278902,25906
151213,28126
151213,28348
298144,27616
187276,29527
303676,11815
302233,29989
237877,30448
237877,30517
210382,29572
311170,30655
302413,31135
321148,31582
162376,32251
233599,32410
220708,18055
165514,18676
221296,18694
165514,18880
209107,18961
220603,20815
220603,21328
225844,21415
220603,21478
220603,21790
262702,21844
225451,21895
165514,21958
225844,22039
220603,22228
239479,22117
225844,22354
220603,22621
267676,22690
225844,22747
239479,22972
239479,23380
225844,23440
225844,23695
272641,23773
225844,23920
225844,23971
239479,24097
239479,24166
221296,24247
165514,24304
225844,24517
165514,24577
225844,24637
279010,24919
280657,22804
239479,25291
239479,25552
239479,25621
239479,25810
239479,25885
261565,25999
284584,26194
288913,26362
151213,27703
272545,27871
295591,13690
298144,28417
303673,29884
303673,30361
309823,30703
314416,31045
319873,1633
151213,32125
162376,32644
169309,32710
307204,17329
337972,33034
341059,33133
344143,33262
344143,33307
346948,33439
341059,33244
97483,74
128879,341
90208,140
122300,818
131255,59
125936,1028
133241,599
133670,749
132434,878
134366,287
134375,98
134951,1831
136346,1514
130382,1588
137650,740
137245,146
97039,1154
139636,1532
139915,1532
140359,1532
140545,1532
140737,1532
135467,1511
142105,1813
142747,1831
143524,1496
142132,1948
144064,170
143641,1975
144460,1451
144886,1532
145294,1831
146449,1532
147004,1885
147181,1253
147349,1028
130382,2371
145747,1496
130382,2521
130382,2566
141025,2620
130382,2695
150001,2932
151558,1882
149923,3295
150001,3382
132632,3565
130382,3715
124100,1882
156271,4045
157129,4249
148507,4438
148507,4618
146635,2485
135155,4747
130382,4819
158305,4918
159031,5044
162073,4240
148507,5215
105569,5056
148507,5407
155467,5524
145864,5587
148507,5650
163600,5695
163777,5770
148258,5830
167887,5959
148507,6016
148507,6151
148507,6211
148507,6283
163777,6340
148507,6403
148507,6577
163600,6745
148507,6805
148507,6877
174037,6952
148507,7018
148507,7246
175189,7315
148507,7477
148507,7531
148507,7657
148507,7723
148507,7783
177019,7846
148507,7969
148507,8041
148507,8191
180322,8428
156979,8008
173677,8590
183613,8653
175582,5278
188503,8797
187180,9154
196348,9535
178516,9667
164752,9745
164752,9823
164752,9907
164752,9994
164752,10147
204790,10234
164752,10300
164752,10387
164752,10468
210859,10786
209602,10870
209602,10999
209602,11068
209602,11131
161986,146
127739,50
113471,140
117278,230
130628,59
130637,440
130334,809
131801,53
132110,89
132629,65
96718,1184
133634,1831
133622,689
125933,1409
135617,740
131786,866
126668,1636
138745,1511
140497,1741
140563,1642
140893,1532
141253,143
142597,194
143071,1885
143452,1286
137998,644
55296,2056
145396,1532
145864,2164
146572,1642
146752,1882
147136,1532
147643,1532
130382,2389
146635,2326
122303,1028
148717,1496
130382,2671
130382,2752
130382,2812
137137,1439
148507,2986
149923,3151
151870,3274
130382,3361
130382,3436
148258,401
148258,3613
130382,3691
130382,3910
155467,3979
154129,4096
209602,11443
214999,11518
209602,11674
209602,11746
137245,11824
209602,11962
209602,12016
209602,12148
209602,12226
209602,12526
195562,10579
220603,12652
209602,12706
209602,12769
209602,12973
221299,10414
209602,13177
209602,13261
216259,10414
223612,13387
209602,13468
209602,13531
209602,13951
209602,14020
224953,14095
227518,14254
187120,12079
218566,14389
220603,14614
229606,14695
230224,14818
209602,14935
209602,14995
165514,15061
165514,15193
177943,15253
220603,15325
233710,15565
165514,15622
165514,15688
220603,15943
209602,16027
165514,16105
230224,15991
220603,16303
216262,15595
218566,16588
209602,16651
237877,15169
157417,16861
209602,17005
209602,17095
209602,17209
209602,17290
199807,17356
220603,17410
157417,17488
225844,17608
218566,17674
220603,17731
209602,17854
209602,17968
220603,18007
237877,17995
234793,11929
157417,18439
130334,197
76061,284
126668,377
130382,611
121079,677
113471,791
124100,860
103880,878
131753,59
132044,59
132278,59
132848,65
133787,740
134366,677
134753,1831
134483,167
135143,740
135473,1831
135791,1379
136921,170
137401,146
137758,1831
138784,1831
139279,1696
140026,1532
140413,1532
140605,170
139414,143
130382,1792
140845,440
144568,674
144790,1532
144922,1882
145168,1028
145693,1028
145864,2152
130382,2188
146548,2209
147067,1831
147376,1532
147589,1532
140350,410
143641,2539
130382,2584
149215,2641
148258,608
149923,2911
150226,2965
149923,3199
104813,2203
149923,3337
152227,3382
148258,293
148432,3820
154627,3883
130334,3958
155476,4018
129818,1238
148507,4228
148507,764
156394,2476
130382,4492
130382,4597
148507,4669
135155,2476
130382,4963
159259,4999
162067,4984
162067,4990
148507,5311
105569,5455
164326,4987
148507,5575
163102,5638
165514,5689
148360,5755
148507,5812
159259,5434
148507,5941
148507,6001
148507,6127
167590,6202
169309,6262
148507,6328
148507,6382
148507,6451
172024,6508
148507,6721
148507,6787
148507,6853
148507,7072
148507,7153
148507,7291
148507,7375
148507,7456
148507,7510
175909,7585
148507,7639
148507,7702
176578,7579
148507,7837
148507,7954
167749,6955
148507,8167
176578,4015
164326,8323
163777,2029
177943,8290
184150,5278
163777,8734
183493,8725
188182,8956
187180,9130
178516,9214
193684,9295
196348,9511
187120,9583
200368,9802
178516,9883
164752,9973
164752,10363
208738,10447
209611,10531
195562,10765
209602,10849
209602,10984
210382,11050
210382,11116
214195,11191
209602,11266
209602,11341
148507,4204
155170,4357
157741,4321
148507,1121
135155,4702
159259,4777
155170,5002
163102,5056
148507,5113
148507,5182
129818,5134
163777,4951
153478,5434
163600,5548
148507,5611
148507,5674
158305,5725
157741,5458
148507,5860
163777,5914
148507,6043
148507,6169
163777,6424
148360,6487
148507,6544
148507,6604
148507,6685
163777,6763
153478,6832
148507,6907
148507,7123
148507,7198
163102,7180
105569,7348
148507,7555
174037,1379
167749,7189
175909,7807
163600,7876
176953,8071
148507,8275
167749,8008
163777,8389
177265,8611
178516,8677
185083,8713
188503,9007
166531,9106
190462,9181
193234,9265
164752,9406
164752,9613
199807,9769
164752,9850
178516,9940
178516,10093
178516,10180
178516,10267
164752,10333
164752,10417
164752,10501
209602,10540
209602,10819
209602,10903
209602,10966
210988,11026
209602,11095
209602,11158
209602,11419
137245,11494
209602,11644
209602,11728
137245,8008
217561,11881
209602,11773
209602,12199
209602,12340
209602,12418
216634,11212
209602,12877
209602,12955
209602,13030
209602,13159
165514,13237
209602,13444
210382,13402
209602,13660
209602,14002
209602,14131
209602,14197
195562,14245
218545,14140
157417,14446
157417,14593
224953,14704
209602,14923
209602,15175
165514,15307
165514,15433
209602,15544
233776,15673
233776,15730
209602,15799
233776,15877
209602,16006
209602,16087
165514,16150
165514,16207
209602,16354
234793,16492
209602,16564
237877,16774
237877,16090
157417,16984
209602,17071
216262,16330
157417,17272
242818,17344
165514,17464
223612,16093
209602,17710
209602,17782
165514,17830
157417,17905
220708,17863
221296,17995
220603,18028
253174,12649
157417,18202
251932,17770
225844,18367
225844,18427
220603,18484
166027,11092
209602,11470
209602,11542
209602,11614
180322,11635
216802,11779
209602,11845
216634,11923
209602,12031
209602,12100
209602,12310
209602,12385
209602,12544
209602,12730
220603,12853
220708,12925
209602,13204
218566,13492
220603,13561
209602,13699
209602,13765
225850,13828
220603,13975
220603,14044
218566,14416
157417,14560
229603,14779
209602,14899
210382,14869
216802,15025
165514,15280
232852,15478
165514,15583
209602,15769
157417,15907
209602,15976
218566,14869
209602,16252
220603,16396
234793,16462
224953,16594
209602,16684
175909,6097
165514,16810
157417,16951
165514,17038
165514,17176
220603,17242
220603,17323
157417,17374
165514,17434
246412,17506
157417,17629
187120,17107
137245,17107
234793,17119
221296,17119
237877,17863
239479,16720
157417,17755
224953,15673
254197,18238
165514,18301
251932,18352
220603,18394
252994,18637
229606,18679
220708,18694
225844,18751
252994,17863
165514,18892
165514,19768
165514,20299
239479,20326
246412,19483
225844,20605
225844,20830
220603,21220
225844,21364
251932,21205
225844,21622
262702,21205
267676,21853
165514,21973
239479,22114
239479,22246
225844,22306
220603,22369
165514,22432
239479,22549
165514,22633
225844,22807
267676,22867
239479,22918
239479,22984
267676,23320
225844,23635
272545,23710
220603,23077
180322,13711
274492,24046
165514,24316
165514,24385
233776,24457
225844,24526
276892,13711
187120,13618
280657,18637
225844,25375
225844,25636
239479,25690
272545,25753
284584,25897
280657,26455
292441,27034
262702,25054
151213,27880
295591,25906
284584,28981
302413,29461
303676,29899
234616,30100
312070,15673
321148,31573
311326,16456
143644,32338
303676,32848
234793,18055
254857,146
220708,14692
220603,18931
225844,20785
220603,20851
225844,21079
225844,21241
237877,16714
229606,16720
254197,21517
262702,2170
165514,22009
225844,22195
225844,22270
220603,22330
165514,22459
165514,22588
165514,22666
225844,22720
165514,22942
165514,23017
165514,23230
272545,23485
225844,23614
165514,23662
252994,21574
225844,24424
233776,24490
165514,24562
239479,24748
224953,24793
239479,24895
278902,9100
280393,18169
284584,25858
239479,25924
284584,26053
284584,26239
292897,7561
223120,27298
284584,28870
284584,28936
301252,29173
302413,29491
262996,17059
151213,29689
303676,30103
302719,17329
151213,30679
312070,30808
314413,31021
314413,31093
311326,31126
151213,31213
317119,31279
312070,31606
148258,32149
233599,32404
335905,28204
337969,32875
346948,33430
202816,30715
345178,33328
346948,32251
225844,18631
187120,14716
229606,17863
165514,18886
237877,19006
225844,19375
229606,19006
220603,20212
262999,20938
225844,21115
224119,17983
165514,21277
246412,13885
221296,16720
225844,21799
267676,21847
225844,21901
267676,21967
262999,22303
220603,22363
165514,22426
239479,22546
220603,22627
225844,11530
269461,22912
267676,23191
225844,23257
272104,17059
272545,23929
165514,23980
272545,24040
165514,24100
225844,24175
272545,24313
239479,24379
225844,24586
239479,24865
225844,24991
278902,25057
280657,25183
278902,25297
239479,25369
225844,25492
121499,116
130400,44
130463,65
130562,65
121079,686
120083,230
128879,803
130382,887
130478,476
132290,59
134897,749
135155,1831
135539,740
135809,740
135665,1517
135665,1529
136613,1831
136927,548
139381,986
140065,146
140194,1696
80867,1286
140614,1532
142882,155
143341,878
144568,2014
145381,1642
146536,878
146668,1882
147082,1532
147280,1882
122300,2317
147598,1532
130382,2380
130382,2401
132632,2797
130382,2857
150226,2974
148507,3049
151552,3208
148507,3259
148258,302
153226,3529
130382,3595
135155,3673
148258,3751
130382,3964
148507,4144
135155,4030
156673,4288
157411,2476
130382,4405
158170,4471
130382,4573
130382,4651
159031,4711
148507,4783
146638,4843
160915,2476
156391,4951
157741,3271
148507,5365
148507,5443
148507,5494
163600,5554
148507,5617
148507,5734
145864,2476
163777,5983
163600,6109
148507,6178
148507,6238
148507,6316
163777,6433
163777,6493
148507,6694
148507,6769
148507,6838
163102,6745
148507,7060
158170,1496
148507,7207
163777,7273
148507,7357
163777,7438
135023,6955
148507,7690
148507,7753
148507,7816
163777,6343
175189,8005
148507,8080
167749,8143
148507,8221
148507,8278
174037,5026
180322,7594
188182,4453
188182,9016
187180,9190
164752,9415
195562,9487
164752,9562
164752,9622
178516,9700
164752,9778
164752,9859
200368,9949
164752,10036
164752,10102
164752,10189
207124,10276
178516,10342
209602,10654
210382,10741
166027,10951
209602,11035
209602,11101
196348,11167
209602,11248
135023,11431
209602,11551
209602,11620
217561,11851
216634,11773
209602,12394
209602,12481
210382,12721
220603,12802
209602,12859
175909,10591
153967,13138
209602,13213
209602,13423
220603,13402
190462,10414
209602,13843
173677,4015
209602,14053
209602,14185
187276,4015
209602,14284
157417,14425
216802,14500
209602,14650
165514,14785
165514,14908
165514,14959
157417,15100
226618,15160
209602,15223
223120,11731
209602,15415
220603,15589
233776,15658
209602,15913
157417,15985
165514,16063
234793,16189
165514,16258
209602,16336
137245,16399
165514,16468
209602,16546
220603,16687
165514,16753
165514,16819
143644,14644
220603,16960
209602,17047
177943,17119
209602,17248
239479,13690
220603,17443
223612,17515
209602,17764
165514,17812
165514,17887
220603,17929
237877,15043
221296,15043
165514,18145
221296,18055
232768,18247
220603,18310
220603,18361
120719,167
130334,812
130982,803
130232,977
132125,50
132329,1022
130382,1067
132635,50
132800,65
132788,1163
130334,1298
127424,1010
136067,557
130382,1547
137401,1379
137524,1244
138607,1831
139264,1451
139567,1532
132434,533
140350,407
140515,1532
140686,1532
140905,1831
143647,1939
143563,371
144835,1532
113471,2059
145243,1831
144832,155
145516,1028
145516,1831
146140,1882
146428,1532
146572,1286
147139,1882
146923,2326
130382,2359
147775,1286
122300,2410
130382,2503
130382,2674
130382,2755
148507,2989
151210,3076
151558,1789
130382,3439
153592,3616
155470,3982
225844,18763
224953,5557
225844,19309
225844,20236
225844,20440
262702,20563
225844,20623
220603,20698
252994,17626
262999,21232
251932,2167
233776,18250
225844,21751
165514,21817
195562,15811
225844,21991
225844,22069
176149,22126
165514,22708
239479,22765
165514,9385
239479,22999
267676,23215
239479,23371
272545,23464
262996,23593
272545,23644
225844,23728
225844,24121
225844,24196
165514,24259
165514,24325
225844,24403
274807,24475
272545,25078
280393,25138
225844,25507
225844,25579
272545,25831
272545,26095
284584,26218
272545,26305
284584,26545
284584,26752
261565,26902
294382,27817
151213,27973
151213,28006
294382,28762
225844,29230
151213,30316
312070,30730
314116,14254
314413,30997
314413,31138
317119,31255
187276,18379
312811,31453
312070,31657
327844,32083
202816,32140
341734,32251
165514,18658
221296,14692
221296,15169
225844,18940
220603,19021
225844,19081
229606,19915
165514,20269
187276,17059
165514,20794
225844,21010
262702,18649
225844,21310
229606,21394
262702,21706
225844,21772
180322,13885
225844,22144
269461,22279
195562,22468
225844,22729
225844,8416
272545,23026
225844,23296
165514,23356
225844,23671
225844,23998
239479,24079
272545,24145
225844,24223
251932,13690
239479,24340
239479,24433
262702,24733
239479,24757
225844,24844
225844,24967
187120,18169
280657,25225
225844,25276
283339,25669
239479,25981
151213,27685
272545,27922
151213,28300
151213,28876
284584,29026
298138,29341
213928,30190
213928,30265
302719,30613
312805,30751
314515,31030
317119,31285
167245,31345
312070,31417
312811,31543
312070,31615
334249,32365
335905,32233
337975,32743
307204,18376
345178,33337
148507,4231
153967,4285
148507,4369
148507,4600
135155,4672
148507,4801
160669,4858
162085,1205
159031,4048
162085,4951
148507,5314
163777,5389
105569,5458
135155,5434
148507,5578
157741,5689
165025,5758
148507,5815
148507,5875
148507,5944
148507,6070
148507,6130
164326,6202
148507,6265
148507,6385
148507,6454
172144,6511
163777,6562
148507,6631
148507,6724
163777,6856
163777,7075
146635,1810
148507,7228
148507,7294
148507,7378
176149,7642
176305,7705
176953,7840
163777,929
148507,8170
148507,8245
156979,8323
177943,7384
180322,8737
187180,8842
178516,1049
187120,9133
193684,9298
194365,9436
164752,9586
178516,9724
164752,10063
204790,10126
206191,10213
164752,10291
164752,10366
195565,10450
209611,10534
209602,10594
195562,10768
209602,10852
209602,11053
209602,11119
209602,11344
262702,25630
261565,18376
272545,25951
284584,25771
284584,26281
284584,26449
232768,26902
280393,9589
151213,27712
272545,28114
295591,383
272545,28657
272545,27622
225844,28975
225844,29209
151213,29296
302719,29527
284584,29719
302719,29401
284584,30058
284584,30370
308101,30031
312805,30778
262996,13525
312070,30916
314413,31054
302413,31123
317317,31318
321148,31567
233599,31690
331582,32221
314116,23764
337969,33043
309823,32884
209602,11497
209602,11578
209602,11647
216634,11731
209602,11809
209602,11944
216802,12130
219100,6931
209602,12505
209602,12958
209602,13096
209602,13162
209602,13240
223612,13369
195562,13447
209602,13510
209602,13597
195562,13663
218566,13801
210382,13357
225844,14005
224119,14077
218545,13618
157417,14368
220603,14512
209602,14596
209602,14674
224953,14740
229603,14803
230224,14782
143644,13357
209602,15370
209602,15436
220603,15547
233599,14710
233599,14692
157417,16009
165514,16210
165514,16357
209602,16495
209602,16567
209602,16642
175909,16777
237877,16093
220603,16906
209602,16987
165514,17074
209602,17197
242818,17347
209602,17467
248122,17713
165514,17785
223612,17875
165514,18067
165514,18112
232768,18160
253042,18205
224953,18253
165514,18370
157417,18430
220603,18616
256684,18667
220603,18742
137245,18694
220603,18841
225844,18865
225844,18949
252994,18352
220603,19090
225844,20029
224119,8416
165514,20731
239479,20863
165514,21094
225844,21247
225844,21274
165514,21358
225844,21403
165514,21469
165514,21712
232768,22129
225844,22213
165514,22288
239479,22339
176149,22591
239479,22960
220603,23035
267676,23116
261565,22129
165514,23365
220603,23500
220603,23680
239479,23761
274492,23830
210988,23908
180322,23998
275854,24232
225844,24358
233776,24439
187120,24556
225844,24628
239479,24754
225844,24805
225844,24907
239479,25405
284584,25753
239479,25936
284584,26347
278902,383
272545,27460
294382,27616
151213,27925
298138,28402
284584,28636
284584,28804
272545,27703
284584,29701
284584,29953
303676,30034
302233,30271
143644,30346
308101,30826
314116,30589
317119,31294
143644,17107
326767,31969
292897,32113
233599,32239
233599,32233
338815,32809
254302,31582
343522,33229
169309,33289
97483,71
129818,251
128348,428
130478,53
131009,803
131213,89
132338,1831
133670,476
134876,239
134939,194
135053,740
135665,1472
131261,533
138088,1451
138436,863
137137,1699
139912,1532
140194,986
140542,140
142132,1945
144721,1532
143071,2062
146254,1532
146443,1532
146635,2218
146824,1106
147004,2062
146635,2320
147799,1532
130382,2416
130382,2692
130382,2830
150001,3007
149923,3094
149923,3169
130382,3379
153967,3712
154129,410
156271,4042
150226,4114
113471,185
126668,272
117278,452
124100,602
131279,89
131729,1831
131987,59
132506,140
96718,1028
132632,1256
135023,1391
129818,1451
135233,725
136157,146
131786,1409
137137,1585
135554,1511
132632,1645
138745,1451
139420,992
140395,1532
142132,1855
142882,1379
140845,98
144094,1642
143641,1981
144757,1882
144910,1882
145324,1532
145450,1532
145693,1831
146287,1532
104813,2242
130382,2308
147727,1532
130382,2785
148432,2953
149923,3028
149923,3187
130382,3403
130382,3577
153769,3655
148507,3808
154129,3700
155170,3946
153478,4009
154120,4039
154129,4174
153967,4246
157417,4321
157411,4384
157741,4327
146638,4681
159259,4744
148507,4816
142867,764
156979,4711
159031,5041
162073,5092
163600,5152
163516,5212
163777,5272
164326,5332
163102,5149
148507,5521
163600,5056
158170,4396
153226,5005
148258,5056
148507,6013
163777,6088
163777,6337
148507,6400
153478,6394
167749,6523
148507,6574
172144,6742
148258,5455
148507,6874
174016,6949
148507,7015
148507,7168
175189,7312
148507,7474
135023,7528
156979,7600
148507,7918
148507,7966
163777,8038
148507,8104
174037,6934
180322,8425
167749,8491
163777,8698
174037,8797
188503,755
187180,9151
178516,9232
164752,9742
178516,9820
200368,9904
164752,9991
205273,10144
164752,10231
200368,10297
164752,10384
164752,10465
210382,10609
166027,4189
209602,10867
209602,10933
209602,11128
209602,11209
151552,2509
158170,4453
137137,4516
148507,4636
148507,4690
159259,4765
157129,4135
148258,1885
162376,4996
162085,5026
157741,5092
163516,5170
163777,5233
148507,5350
148507,5422
164326,4984
163600,5602
166027,5665
148507,5713
148507,5782
148507,5851
148507,5902
148507,5971
148507,6034
169309,6304
148507,6358
148507,6412
158305,6478
163777,6532
148507,6595
148507,6676
153478,6754
148507,6820
148507,6895
148507,6970
148507,7039
148507,7261
148507,7336
175582,7489
163777,7543
148507,7675
148507,7735
177019,7867
176953,8059
148507,8122
177943,6955
178516,8446
178516,8008
175582,8812
187276,8866
188503,8995
178516,9040
187180,9169
195565,9394
195913,3217
164752,9547
193684,9043
164752,9928
202816,10015
164752,10081
164752,10168
178516,10255
207466,10321
164752,10408
164752,10492
209602,10561
209602,10633
210859,10720
209602,10807
209602,10891
135023,10954
209602,11014
213928,11152
209602,11227
165514,18634
251932,17863
225844,18889
165514,19042
165514,19444
239479,19915
262999,20752
225844,20827
225844,20884
233776,13447
220603,21217
246412,13735
225844,21487
165514,21619
225844,21733
221296,20416
225844,21970
225844,22111
220603,22366
239479,22429
239479,22630
225844,22369
272104,22915
165514,22981
165514,23194
225844,23317
165514,23515
165514,23590
225844,23779
274492,24043
221296,21205
165514,24253
227518,13711
165514,24382
165514,15655
225844,24817
225844,24868
225844,24928
239479,25123
280657,25186
225844,25372
128330,218
76061,305
122303,479
120719,557
113471,800
131165,65
131582,59
131786,41
132110,59
132794,41
132917,1154
130382,1271
134546,194
120083,644
135233,755
135641,1487
136939,1831
138325,1154
130382,1657
139552,1532
140116,1532
140332,1532
140455,1532
140659,1532
140866,1532
141139,1831
143641,1924
144409,1990
144937,1882
145210,1532
145732,1286
146101,1286
130382,2197
147433,1532
130382,2353
126668,1882
130382,2407
146635,2314
122300,416
135155,1028
148507,3061
151558,3217
151864,3262
130382,3352
149923,3427
148258,371
153226,3541
150226,3760
130382,3898
155467,3976
155476,2038
153967,410
148507,4150
154129,2797
148507,4480
130382,4585
148507,4660
159031,4720
135155,4789
155170,4852
158305,4903
130382,4954
156979,1867
163777,2611
163288,2629
164752,5374
148507,5503
148507,5629
165025,5647
148507,5869
148507,5932
148507,6058
148507,6250
148507,6322
167749,5647
148507,6442
148507,6550
148507,6709
148507,6847
148507,7141
169309,1121
148507,7627
175189,7762
148507,7825
177265,7894
177943,8014
163777,8092
148507,8233
148507,8284
156979,8317
176953,8008
163777,8470
174037,8008
163777,8623
183493,8710
187180,8827
163777,8893
177943,8950
176953,6934
193543,9286
173677,9571
164752,9634
164752,9709
178516,9871
202816,9961
178516,10114
164752,10285
178516,10354
164752,10435
209602,10582
209602,10666
209602,10912
209602,10975
209602,11044
209602,11107
209602,11179
209602,11329
209602,11563
209602,11632
209602,11797
166027,7588
217561,11932
209602,12052
209602,12118
209602,12268
218545,12328
209602,12493
209602,12742
216634,12637
209602,12946
209602,13021
209602,13084
209602,13225
220603,13582
224119,13648
209602,13855
225844,13801
209602,13993
220603,14119
227518,7576
209602,14236
209602,14293
209602,14356
225451,14500
229141,14581
230224,14704
209602,14860
221299,8737
188503,15037
135023,14836
137245,13588
209602,15232
209602,15298
230224,15361
165514,15721
176149,15787
157417,15865
157417,15994
209602,16075
230224,16135
165514,16195
209602,16342
209602,16555
216262,15730
165514,16765
220603,16831
165514,16972
225844,17059
209602,17140
199807,16090
220603,17452
220603,17521
220603,17641
165514,17773
239479,17821
220603,17941
221296,13591
157417,18061
220603,17059
157417,18199
225844,18319
125933,47
97012,227
76061,314
97039,488
131801,476
133622,146
135176,1406
136511,479
137998,266
139564,1532
139852,1532
140344,1532
140683,1532
136325,1762
141241,1532
142132,1840
143071,1882
143452,1642
144832,1379
55296,2053
145234,1882
145486,1831
145735,1532
146413,1532
146437,2209
146746,2227
146923,2218
147130,1028
147325,1532
147442,1532
147640,1532
145036,2062
141025,662
149923,3070
151870,3271
130382,3433
148258,278
130382,3547
153478,3610
130382,3688
150226,3769
142867,3835
130382,3907
153478,2170
154120,4051
156673,4159
225844,25495
225844,25564
272545,25750
284584,25816
239479,25894
239479,25954
284584,26011
272545,26203
284584,26596
210382,27253
294382,27640
187276,28498
151213,29062
295591,29173
302413,29458
312805,30781
312070,30919
307204,30589
314515,30670
312070,31441
321148,31570
327844,32065
143644,32122
307204,32272
337102,32716
135155,4225
148507,4489
135155,4594
135155,4666
135155,4723
125936,2476
125936,4999
130382,5056
148507,5137
148507,5197
163102,4240
148507,5308
148507,5383
148507,5512
148258,5548
157741,5626
165514,5548
148360,134
158305,5938
148507,5998
148507,6067
148507,6124
148507,6448
159259,125
148507,6559
148507,6628
148507,6718
163777,6784
148360,794
148507,7150
148507,7222
163600,7288
148507,7453
163777,7582
148507,7636
135023,7654
148507,7768
148507,7834
163777,8020
177943,5647
176953,8164
148507,8242
162376,6955
163777,8317
178516,8629
148360,8776
187183,8836
187180,8902
182083,8953
174037,9019
174037,9067
187180,9127
190462,9211
177943,1927
193684,1927
195565,9508
164752,9580
164752,9640
164752,9718
200368,9799
201286,9880
164752,9970
178516,10123
164752,10210
164752,10360
208738,10444
209602,10591
137245,10672
209602,10762
187120,10672
209602,10918
209602,11113
214195,11188
209602,11338
120719,194
130232,461
130232,674
131117,59
130382,881
131750,65
132020,65
132281,50
132434,869
130382,1079
132842,50
133787,476
134039,476
134366,338
135023,1406
135470,1831
137161,479
137527,1831
138781,1612
139465,146
140017,1532
140287,1532
140335,986
140836,1532
142912,1831
143329,1825
144133,1244
145162,1532
145375,1532
145225,2062
141277,2185
146437,2203
146638,2248
147055,1532
146521,1828
130382,2311
130382,2443
130382,2638
149923,3037
148507,3256
148258,386
153967,3817
155476,4072
146635,764
156979,4276
155170,4354
155476,4459
156391,4537
130382,4564
148507,4645
148507,4699
159259,4774
156391,4879
148507,4936
153592,764
148507,5110
148507,5179
148507,5242
163102,3271
129818,5089
163777,5431
157741,5149
148507,5608
148507,5671
148507,5722
158305,5788
148507,5857
148507,5911
148507,6040
163777,6166
148507,6232
163102,6277
148507,6367
148507,6421
163777,6481
148507,6541
148507,6601
148507,6682
172144,6829
163600,6904
148507,7048
163777,7195
148507,7267
175189,7345
148507,7498
148507,7552
148507,7615
148258,7744
163102,7876
148507,7939
177265,7993
148507,8068
148507,8131
178516,8215
148507,8272
163777,8311
175909,8335
167749,2029
180322,8674
163777,8764
175582,8809
187183,6955
178516,8935
178516,9337
195562,9403
190462,9478
164752,9610
164752,9688
178516,9847
178516,9937
178516,10090
164752,10177
164752,10264
164752,10330
155470,10414
164752,10498
209602,10567
210595,10642
210988,10729
209602,10963
209602,11023
135023,146
166027,146
209602,11236
209602,11539
137245,11092
216802,11776
209602,11842
209602,12178
216259,12247
209602,12307
161986,8008
209602,12727
220603,12793
218545,9364
209602,13129
209602,13201
209602,13414
224008,13558
209602,13762
225844,11731
209602,13972
209602,14041
218224,11929
221296,14140
221296,12079
221296,14275
216802,14338
209602,14557
209602,14641
220603,14950
165514,15022
209602,15088
209602,15151
220603,15277
232852,15469
229606,15532
209602,15646
233776,5557
165514,15973
209602,16054
209602,16129
165514,16249
209602,16330
234793,15037
220603,16681
137245,16750
209602,16807
180322,7606
209602,17125
225850,17119
220603,17239
220603,17320
225844,13741
221296,16093
239479,146
220708,16399
234793,17863
157417,18097
220603,18142
221296,18124
254197,18235
225844,18298
234793,18337
221296,17863
220603,18622
187120,14692
220603,18877
220708,19006
260461,19681
225844,20032
225844,20347
252994,20416
225844,20662
234793,20863
221296,146
225844,21202
220603,21325
237877,21394
165514,21475
225844,21538
220603,17329
225844,21787
262702,17347
165514,21955
220603,22225
266590,13741
195562,22351
225844,22480
165514,22687
165514,22969
269461,23119
165514,23377
261565,23077
225844,23584
225844,23629
225844,23692
165514,23770
223120,23917
165514,24028
225844,24163
227518,24244
225844,24301
225844,24370
225844,24514
225844,24760
239479,24859
279010,24916
239479,25048
239479,25231
239479,25168
225844,25357
128879,62
117278,644
130922,59
131834,59
132173,65
130382,1073
132632,1109
132164,986
130382,1187
133322,440
134189,146
135038,194
135662,1406
130382,1550
125933,1561
137002,1379
137419,194
120719,1663
139870,440
140182,1532
140530,1532
140497,1642
143521,1831
145036,1789
145420,1532
145495,2101
146176,1882
146437,2167
146797,1882
147163,1532
147337,1532
147454,1532
147790,1532
148357,1831
130382,2512
148357,1028
149215,2683
130382,2824
127424,2926
149923,2998
130382,3373
152227,3448
148507,3481
153592,3625
130382,3919
155467,3700
156673,4168
137245,11359
214999,11440
209602,11515
209602,11671
187120,11638
135023,11824
137245,7588
209602,11959
209602,12076
209602,12142
166027,6931
210859,8008
209602,12523
220603,12649
220603,12826
196348,12889
209602,13108
220603,13174
209602,13258
175909,10414
220603,13384
209602,13528
195562,13675
218566,13738
225844,13738
225844,13885
166027,1391
209602,14149
195562,5557
209602,14311
209602,14467
216262,5557
229606,14692
209602,14755
157417,13996
209602,14932
209602,14992
165514,15133
209602,15190
209602,15250
209602,15322
209602,15388
220603,15451
209602,15619
209602,15685
232858,13996
220603,15940
157417,16024
209602,16102
220603,16300
165514,16375
220603,16510
165514,16585
209602,16732
209602,16789
220603,16858
220603,16918
209602,17002
220603,17092
213928,17206
220603,17287
165514,17485
248122,17605
220603,17671
137245,17119
209602,17965
157417,18004
157417,18040
157417,18079
220603,18130
165514,18382
220603,18436
148507,4237
130382,4312
157411,4378
130382,4432
148507,4504
155467,4135
135155,4735
148507,4810
157129,4171
155476,2170
161731,5032
162067,4987
163777,5206
156391,4984
148507,5323
148507,5398
153592,5134
157741,5056
163600,5641
157741,5548
163600,5821
148507,5881
148507,5953
163600,6007
148507,6079
164326,1496
145864,6334
163777,6391
148507,6463
172135,6517
167749,6097
148507,6865
174016,6946
148507,7084
148507,7162
148507,7237
148258,7381
148507,7465
148507,7522
148507,7651
148507,7714
148507,7777
174037,7528
174037,6097
148507,8029
148507,8254
55296,8416
163777,8692
187180,8851
188503,8812
187180,9079
178516,9223
193684,8797
195562,9445
196348,9523
178516,9592
178516,9733
200368,9895
164752,9982
178516,10135
164752,10222
178516,10279
208738,10456
209602,10687
209602,10777
209602,10861
209602,10987
137245,11062
210859,11062
209602,11350
137245,11431
209602,11506
209602,11584
209602,11740
216634,11815
209602,11953
166027,12067
209602,12139
209602,12217
218545,12349
209602,12430
209602,12514
220603,12637
209602,12763
209602,12964
209602,13249
223612,13375
209602,13456
209602,13519
224953,13666
209602,13729
225850,13807
220603,13945
209602,14014
224119,14086
209602,14143
209602,14203
209602,14302
209602,14377
220603,14521
209602,14605
209602,14683
157417,14500
165514,14986
209602,15058
218566,15124
225850,15184
143644,14500
165514,15442
233707,15553
165514,15613
209602,15805
216802,15886
157417,15931
209602,16015
234793,16096
229606,8008
209602,16219
223612,13588
165514,16366
157417,16429
209602,16576
180322,16777
220603,16915
165514,16993
209602,17083
209602,17203
157417,17278
199807,17353
157417,17404
157417,17662
246412,17722
221296,17791
165514,17842
157417,17911
165514,17962
157417,17332
251932,18073
225844,18121
220603,18163
232768,18214
157417,18268
254857,18334
232768,18379
221296,18649
251932,11929
225844,18760
165514,18802
225844,19051
251932,20371
220708,19915
262702,20416
220603,20695
262702,20764
262999,17227
229606,20863
174331,13741
262999,21229
174331,17227
237877,2167
239479,21748
220603,21988
220603,22066
225844,22444
165514,22645
239479,22882
239479,22744
165514,23212
267676,23461
165514,23725
233776,23593
225844,24055
272545,24193
176149,8737
165514,24400
225844,24472
221296,24733
225844,24880
225844,24946
239479,25075
239479,25135
262996,18766
239479,25378
209602,11461
209602,11605
216259,11692
209602,11767
210859,146
209602,12166
209602,12301
209602,12460
209602,12535
220603,12673
220603,12721
209602,12784
209602,12844
221299,12913
209602,12994
209602,13906
135023,12079
225844,14221
209602,14329
209602,14488
209602,14548
157417,14632
157417,14887
209602,15013
137245,13591
165514,15577
165514,15709
233599,15760
165514,15835
220603,14869
209602,15964
209602,16045
165514,16120
225850,14476
209602,16240
209602,16321
202816,16453
157417,16537
209602,16609
220603,16672
209602,16744
220603,16942
209602,17116
209602,17311
220603,17431
220603,17566
234793,15043
221296,17875
188503,17875
157417,18046
157417,18184
165514,18289
165514,18346
225844,18457
254857,18535
254857,18655
187120,14833
165514,18937
220603,19018
165514,19078
225844,20395
143644,17227
225844,20791
229606,17119
224119,17227
261565,21085
221296,2170
220603,21307
165514,21352
220708,16720
225844,21523
180322,17227
225844,22015
266590,17227
266590,17059
220603,22201
269461,22276
225844,22333
239479,22396
239479,22465
225844,22672
225844,22726
239479,22777
180322,22948
272545,23023
233776,23353
225844,23620
165514,23749
274492,1370
165514,24076
239479,24049
274492,24220
239479,24286
252994,24430
239479,24496
165514,24568
239479,24622
251932,24373
225844,24901
225844,25030
280393,25222
239479,25396
254857,17863
254857,17137
234793,16708
209107,18844
225844,18928
165514,19069
261565,20257
262996,20713
165514,20782
165514,21076
165514,21139
225844,21190
225844,21301
262702,21388
165514,21454
165514,21583
225844,21766
225844,22006
239479,22267
267676,22327
210988,22393
267676,22585
225844,22663
239479,22837
225844,23014
165514,23287
239479,23344
272641,23482
252994,22705
274492,23812
233776,24001
225844,24067
272545,24139
225844,24346
165514,24421
221296,24487
239479,24745
225844,25021
239479,25096
272545,25807
284584,25882
284584,25945
251932,25906
288913,26359
292441,27016
292441,27094
151213,27700
151213,27937
298138,28414
262702,23482
303055,29638
303673,29881
261565,30211
309823,30700
312805,30769
311326,31042
254302,21625
319873,31495
321148,31843
302413,32122
335905,32662
337972,33031
165514,18640
165514,18718
225844,18754
165514,18793
165514,19045
220603,19453
225844,19921
225844,19987
225844,20431
224119,19483
165514,21049
225844,21223
225844,21859
225844,22174
165514,22312
267676,22435
262702,22555
220603,22636
225844,22873
269461,22924
267676,23020
165514,23203
165514,23395
225844,23716
225844,23785
225844,23986
165514,24184
239479,24322
239479,24391
233776,24463
225844,24532
165514,24589
221296,9067
225844,24937
224953,13885
239479,25246
278902,25138
225844,25420
121499,113
120719,203
117278,383
130463,68
128348,737
131132,65
131564,59
131771,65
132287,740
130382,1085
113726,1130
132842,1154
132335,695
134897,740
135791,1397
135665,1514
136346,1484
136921,221
137245,1379
130382,1606
139519,1831
140047,1532
140434,1532
140608,1532
140851,1532
143329,1894
144133,143
144568,461
144925,1286
145381,1286
145225,1912
146056,1334
146521,1825
104813,2254
147070,1532
147277,878
147388,1532
130382,2347
147748,1882
146452,1831
130382,2452
146638,2485
130382,2728
150223,2971
148507,3205
148246,3253
130382,3340
152230,3415
153592,3670
154129,3748
135155,3826
148258,3889
130382,3961
155476,4024
156673,4285
156394,4402
158170,4468
148507,4708
129818,4843
148507,5119
148507,5188
163516,5245
148507,5362
148507,5440
148507,5491
148507,5551
148507,5677
148507,5731
157741,5455
148507,5866
125936,5284
148507,6175
148507,6235
167749,755
148507,6430
167749,6202
163777,6691
148507,7129
174016,7204
156979,7204
175867,7561
175909,7618
148507,7687
163777,7750
148507,7813
176953,7882
124100,5455
148507,8077
129818,8218
163777,8491
188182,8944
189184,9049
187180,2698
148360,9187
187120,9271
174037,9301
195562,9412
195562,9484
164752,9559
164752,9697
190462,9946
164752,10033
164752,10099
164752,10186
207124,10273
207124,10339
164752,10423
137245,10738
209602,10909
209602,10972
209602,11050
209602,11164
209602,11245
209602,11416
209602,11491
209602,11572
209602,11641
161986,11638
209602,11806
217561,11848
209602,12337
220549,12628
209602,12751
137245,4714
209602,13093
165514,13234
209602,13441
209602,13507
220603,13657
209602,13717
226114,13864
209602,14128
209602,14194
187276,13429
220603,14443
157417,14590
209602,14746
218566,14500
209602,15172
209602,15430
209602,15607
230224,15712
216802,15874
157417,15925
209602,16003
157417,16084
137245,16090
209602,16204
165514,16279
165514,16351
157417,16420
209602,16561
209602,16636
157417,16840
165514,16981
157417,17068
209602,17269
242818,2167
209602,17461
210859,17119
209602,17779
239479,13588
176149,17902
239479,17995
220603,18025
221296,16708
239479,4549
220603,18259
225844,12673
165514,18424
284584,25750
239479,25966
280657,26554
225844,26629
280657,26689
280393,22705
280657,27205
294382,27517
151213,23548
280657,27745
284584,28930
176149,29164
307489,30466
311326,30670
314116,31012
312070,31087
317317,31204
314416,13690
321463,31597
169309,30670
327844,32092
233599,32191
202816,32356
162376,32410
335479,32638
337969,32866
130334,182
103880,533
130523,44
130637,602
130940,59
131081,59
131279,59
130334,953
131975,65
132248,59
132818,599
134483,137
120083,302
134885,1831
125933,1400
127739,1154
137068,479
139126,1612
139414,1660
139675,1532
140572,1532
140809,1451
141253,1244
143563,230
144532,1286
144331,1256
145639,1532
141025,2182
147046,1831
147238,1028
130382,2338
147718,1532
147841,1882
130382,2434
143641,2278
130382,2572
148507,2629
130382,2710
130382,2782
150226,2902
149923,2950
149923,3025
149923,3115
148507,3250
149923,3328
130382,3400
153592,3652
130382,3871
155170,3943
341059,33073
344143,32251
345178,33319
341734,32350
341800,33526
156673,4195
153967,4264
155170,4342
105569,4396
158170,4450
137137,4453
135155,4633
148507,4687
159259,4762
148507,4834
130382,4870
162085,4990
137137,74
148507,5230
161731,5287
163777,4990
148507,5419
164740,5482
148507,5539
148507,5599
166027,1439
148507,5710
163600,5329
148507,5848
163600,5899
167887,5968
167749,4984
148507,6409
163777,6475
156979,6394
163600,6592
148507,6673
163777,6751
148507,6892
148507,6967
148507,7036
148507,7111
148507,7258
148507,7333
175582,7486
148507,7540
163777,1382
148507,7732
173677,7864
148507,7936
148507,8119
178516,8209
148507,8263
173677,8308
162376,8602
183613,6955
177943,5278
175582,8797
177943,7468
186511,8812
190459,9094
187180,9166
178516,9253
195562,9391
164752,9544
178516,9838
164752,9925
164752,10012
164752,10165
164752,10252
164752,10318
164752,10405
164752,10489
209611,10513
209602,10630
209602,10717
209602,10804
137245,10888
135023,10951
209602,11011
209602,11086
209602,11149
209602,11293
128879,44
113471,134
117278,311
97039,485
120719,971
131801,740
132107,749
132644,740
130382,1181
133322,98
130382,1274
135176,1397
136067,194
136511,1831
137302,1831
138544,1660
120719,1687
139558,1532
140152,1532
140476,1831
140674,1532
140872,1532
141223,1451
141523,1451
143641,1930
144643,1831
55296,2050
145225,1882
145477,1532
146728,1882
146926,1882
147307,1882
147439,1286
147775,1642
148432,2500
130382,2599
148507,2668
130382,2746
130382,2806
150001,2869
148507,2983
149923,3067
151555,2170
151870,3268
130382,3358
148258,644
130382,3544
130382,3766
130382,3904
155476,3970
220603,18628
187120,14710
234793,18694
237877,18694
220603,18784
165514,18967
165514,20749
225844,20878
262999,17617
225844,21112
239479,21205
234793,21394
220603,21481
221296,20764
225844,21964
225844,22300
225844,22543
262996,22624
143644,13711
239479,14140
225844,23188
165514,23254
221296,22117
239479,23005
225844,23776
225844,23851
225844,23926
225844,23977
272545,24037
233776,24310
233776,24376
187120,24487
165514,24583
187120,16714
225844,24988
278902,25054
280657,25180
279010,20887
225844,25366
239479,25531
239479,25597
225844,25666
284584,25789
239479,25927
284584,25978
189184,26497
151213,27682
151213,28390
151213,30337
151213,30610
167245,31342
312070,31414
176149,31453
321148,31612
321148,31963
321148,32101
330310,32152
314515,32650
337966,32740
113471,101
130334,191
117278,278
130334,539
130943,479
131261,878
131735,65
132266,59
128330,287
130382,1172
133778,992
134039,749
134366,680
135467,1451
136325,1526
136610,992
137161,1831
136930,146
138781,740
140407,1532
137998,1747
140818,1532
141025,407
142141,1825
142132,1858
142900,1642
130382,1903
143968,1831
144133,137
145153,1532
145456,1532
145843,98
146302,1532
146497,1532
147043,1882
147373,1532
130382,2341
130382,2377
144265,1028
130382,2716
150226,2908
149923,3034
149923,3124
149923,3193
151555,2167
148507,3517
153478,3583
154129,3814
154633,3877
156271,4069
148507,4351
105569,4444
148507,4534
135155,4561
135155,4642
148507,4696
159259,4771
135155,4999
148507,5107
163516,5176
163777,5239
158170,5293
164752,5428
153226,764
165514,4396
148507,5719
148507,5854
162085,5908
148360,5284
148507,6163
163102,6109
158305,6364
172144,1523
148507,6826
148507,6901
148507,7117
148507,7264
148507,7342
148507,7414
148507,7495
163600,7549
148507,7681
148507,7741
148507,7804
175582,7528
176149,7990
148507,8128
163777,8269
175582,755
163777,8608
185083,8710
167749,8758
163777,8818
178516,8872
190462,9259
195565,9475
196348,9550
196348,9607
164752,9685
195562,9766
164752,9934
202816,10021
164752,10087
204790,10174
164752,10261
164752,10327
155470,3613
195562,10639
137245,10726
137245,10813
209602,10897
209602,10960
209602,11020
161986,11092
166027,11062
209602,11302
239479,25576
239479,25702
272545,26029
284584,26386
225844,26611
292777,27124
151213,29227
280657,14152
284584,29662
302233,30391
303676,29401
311320,1235
314413,30994
312070,31126
317317,31186
312070,31387
176149,27331
312070,31654
233599,8413
309823,32137
162376,32725
282034,25501
239479,25639
284584,26020
284584,26461
280657,17059
294382,27649
151213,27883
151213,28048
151213,28270
272545,28669
151213,29383
284584,29821
302233,30226
305932,30382
237877,30445
311170,30652
312070,30718
314116,7576
314116,31381
312070,31447
321148,31579
337969,32986
344143,33259
239479,25390
239479,25522
225844,25660
284584,25783
282034,25855
239479,25972
221296,25381
284584,26176
284584,26560
262996,26695
272545,26770
151213,27673
284584,28783
295591,21385
272545,29062
313567,30880
312070,30937
314416,31210
151213,28984
312070,31474
213928,31603
233599,32350
233599,32644
233599,32668
337969,32731
337969,32872
344143,30463
321463,33313
346948,32350
209602,11464
166027,10954
209602,11698
216802,11773
217483,11917
209602,11983
209602,12025
209602,12304
209602,12379
209602,12466
209602,12541
209602,12601
220603,12790
220708,12919
209602,13411
216634,13402
209602,13555
226114,13912
165514,10591
218224,146
221296,12082
220603,14494
209602,14638
229606,14719
221299,14842
209602,14893
209602,15085
210382,12673
209602,15274
232849,15472
157417,15511
165514,15580
165514,15715
165514,15763
209602,15970
157417,16051
209602,16126
209602,16177
165514,16246
165514,16327
165514,16678
166027,16093
209602,16804
220603,16882
225844,17032
209602,17236
157417,17317
157417,17371
220603,17503
221296,16090
165514,17695
209602,17758
220603,17878
188503,13588
220603,18052
165514,18094
188503,16699
137245,18169
157417,18292
157417,18349
225844,18391
225844,18460
340225,33007
155476,2044
155476,4300
154129,2899
158170,4486
148507,4591
158788,4663
105569,4321
135155,4927
148360,4999
153478,5074
163288,5134
163777,2533
163288,4834
148507,5380
148507,5452
148507,5509
148507,5572
148507,5635
148507,5752
164866,5005
148507,5935
148507,5995
148507,6064
148507,6121
148507,6256
148507,5005
148507,6556
148507,6625
148507,6715
148507,6781
148507,7069
148507,7147
148507,7219
148507,7285
135023,7507
175909,7579
148507,7633
148507,7831
148507,7948
148507,8017
163777,8098
176953,8161
148507,8239
176953,6982
178516,8350
178516,5647
163777,8581
163777,8626
156979,8686
187180,8899
174037,9007
178516,9208
195562,9433
164752,9715
164752,9796
206146,10207
167749,10279
177943,8209
164752,10441
209602,10588
209602,10846
209602,10915
209602,10981
209602,11047
177943,11062
209602,11185
209602,11314
209602,11395
209602,11476
209602,11548
209602,11617
209602,11704
137245,11929
216634,12037
195562,12106
218566,12316
209602,12391
209602,12550
220708,146
220603,12736
220708,12931
209602,13009
153967,13135
43233,13348
223612,8008
209602,13840
225844,13918
209602,13981
220603,14107
220603,14230
220603,14344
220603,14422
165514,14647
229606,14731
221299,14848
209602,14905
209602,15097
209602,15286
232447,15352
165514,15412
216634,14500
157417,15523
165514,15586
233776,15655
165514,15718
165514,15775
165514,16060
209602,16132
165514,16186
232768,12673
165514,16333
230224,16543
175909,15898
209602,16816
209602,16957
177943,17134
223612,9364
157417,17245
232768,17329
157417,17380
209602,17440
225844,17512
209602,17809
157417,17884
209602,17986
188503,17995
233776,18058
188503,18055
165514,18244
225844,18307
220603,18358
165514,18400
130400,341
130400,740
132092,230
130382,1094
132917,50
133607,1831
133817,1831
134546,167
135821,1406
136037,1831
136031,1514
130382,1535
136930,1379
138586,1451
139183,1409
139540,1532
140104,170
140320,1831
140440,1532
140620,1532
140854,1532
105569,74
143410,1831
141277,1966
144547,1028
144934,1532
145387,1532
145462,2017
146548,2170
146695,1882
147097,1532
147301,1618
147397,1532
130382,2350
147745,1642
130382,2404
148246,2458
144784,1789
130382,2593
130382,2803
148507,2860
151555,2455
137137,818
152227,3421
148258,383
153226,3535
148507,3601
130382,3892
209602,11365
155470,1049
209602,11764
135023,12067
209602,12532
209602,12592
143644,11212
209602,12781
218566,12841
209602,12910
209602,12991
221299,13189
222736,13276
220603,13462
135023,13588
209602,13903
209602,14032
225850,12082
209602,14218
209602,14266
210382,14326
157417,14404
157417,14485
220603,14545
229606,14710
209602,14767
137245,14836
209602,15010
209602,15076
165514,15148
209602,15208
232447,15343
233707,15574
233599,15757
209602,15832
180322,15898
209602,16117
234616,16168
165514,16237
220603,16318
220603,16534
165514,16606
220603,16669
209602,16741
220603,16876
220603,16939
209602,17023
225844,17227
157417,17308
157417,17428
209602,17497
220603,17563
218566,17623
209602,17749
174331,8737
225844,17983
165514,18016
220603,18088
220603,18181
254302,17119
157417,18286
254857,18343
165514,18454
156391,4213
150226,4363
148507,4477
129818,4033
159031,4714
158305,4849
127424,4897
162067,4951
148507,4843
148507,5128
161731,5194
163516,5251
164752,5368
163777,5296
148507,5623
163777,5683
163777,5740
148507,5989
105569,5548
148507,6244
148258,5626
148507,6436
172024,6499
148507,6616
148507,6700
148507,6775
148507,6841
163600,6919
174016,6955
148507,7135
155467,5005
148507,7276
163777,7756
148507,7819
148507,7888
148507,7942
177943,8008
162376,8227
162376,8008
175909,8413
156979,5278
163777,8770
187120,8821
188182,8947
178516,6934
178516,9196
174037,1927
164752,9493
195913,9136
178516,9628
174037,1439
164752,9784
164752,9955
202816,10042
178516,10108
187120,8209
164752,10348
164752,10429
164752,10516
195565,9385
209602,10660
209602,10834
209602,11038
209602,11323
220603,18466
225844,18664
221296,14716
165514,18769
220603,18946
225844,19024
225844,19087
210382,17059
225844,20335
143644,13885
225844,20650
262999,20728
220603,20938
221296,20863
262702,21601
220603,21664
225844,21775
239479,22093
262999,22210
225844,22285
233776,9385
165514,22525
220603,22603
165514,22678
165514,22735
267676,22786
165514,22957
225844,23173
239479,23362
220603,23497
272545,23677
225844,23902
225844,24229
225844,24436
225844,24505
239479,24571
137245,11401
209602,11482
209602,11557
209602,11626
217561,11869
209602,11992
218545,12187
209602,12262
209602,12487
209602,12556
175909,12682
210382,11731
209602,12808
153967,13144
209602,13219
216262,11395
210382,13429
190462,13498
209602,13576
220708,11092
220603,13708
216802,13780
220603,13849
209602,13924
137245,13807
220603,14059
216634,13996
220603,14233
209602,14290
143644,14350
209602,14428
209602,14791
221299,14857
209602,14914
165514,15034
209602,15226
209602,15292
165514,15358
157417,15418
209602,15592
233776,15664
209602,15781
234616,15991
165514,16138
157417,16264
209602,16474
165514,16549
220603,16630
209602,16693
223612,16759
165514,16825
165514,16966
209602,17053
239479,17137
223612,13618
209602,17254
165514,17449
157417,17578
221296,17770
165514,17815
220603,17935
209602,17989
221296,17626
225844,18193
225844,18409
188503,9769
239479,25489
225844,25558
225844,25627
284584,26005
261565,26200
225844,25225
284584,26527
284584,26668
294556,27559
294382,27634
151213,27709
151213,28114
151213,28423
272545,28501
261565,29128
280657,29371
303673,29890
303055,30055
309823,30709
302413,31120
317119,31177
321148,31564
254302,2539
162376,32668
314515,31840
209602,11413
209602,11488
209602,11569
137245,11638
209602,11725
209602,11803
209602,11938
187120,8008
218566,12193
209602,12274
209602,12412
218545,1927
209602,12691
143644,12748
216634,12868
220603,12949
209602,13027
209602,13231
223120,13321
209602,13438
225850,14071
225844,14125
209602,14242
209602,14362
209602,14440
157417,14509
209602,14587
165514,14665
209602,14743
230224,14737
157417,13402
209602,14917
220603,15115
209602,15238
209602,15364
209602,15427
232858,15496
233776,15604
220603,15793
209602,16081
209602,16147
234793,16201
220603,16276
209602,16348
209602,16417
220603,16558
223120,4015
209602,16978
209602,17065
209602,17191
157417,17266
157417,17341
157417,17389
165514,17458
209602,17527
218566,17587
209602,17827
165514,17899
209602,17947
237877,13591
220603,18109
251932,17974
220603,18256
254857,18325
143644,17059
225844,18421
341734,32404
337966,33250
120719,200
121079,287
121499,548
121079,680
130382,734
131306,59
132047,50
132287,476
132842,599
133046,599
133787,749
134045,50
135209,755
135509,1451
135791,1406
136166,1831
138100,161
137137,1711
140305,194
140425,1532
140605,212
140110,440
140563,1873
144409,1981
144925,1642
145462,674
145864,2155
146527,1532
104813,2251
129818,2314
137137,2344
147736,1532
143341,533
130382,2794
149923,422
150226,2968
148246,3241
148432,3412
153592,3667
154129,3745
150226,3823
130382,3886
148507,4138
225844,18673
237877,14710
165514,18775
220603,18955
225844,19030
220603,20278
225844,20341
262996,20659
234793,17137
224119,17617
225844,21019
225844,21199
220603,21319
246412,17059
239479,21532
220603,21670
165514,21841
262702,21748
225844,22030
239479,22099
225844,22153
267676,22219
220603,22345
221296,20563
220603,22612
267676,22684
221296,22744
165514,22897
225844,23119
225844,23311
221296,23371
239479,23431
272545,23686
227518,23764
239479,23836
225844,24022
239479,24091
239479,24157
165514,24238
225844,24364
225844,24445
239479,24511
262702,24556
225844,24811
239479,24976
225844,25042
280393,25168
239479,25351
225844,25408
137245,14710
165514,18703
220708,14719
220603,18934
165514,19015
229606,146
239479,18649
220603,20854
237877,20863
225844,21196
234793,21205
220603,21304
165514,21349
262702,21391
225844,21520
254197,21769
180322,13735
225844,21883
220603,21934
220603,22198
266590,22333
251932,21574
165514,22462
266590,13885
180322,22591
225844,22669
267676,22723
225844,22774
225844,22894
239479,22945
272545,23020
262996,18211
267676,23617
225844,23665
252994,9769
274492,23818
165514,23956
210382,24007
239479,24073
165514,24142
275854,24217
225844,24349
165514,24427
165514,24493
225844,24565
225844,24619
176149,17059
225844,24793
239479,24733
221296,24898
225844,24961
225844,25027
225844,25102
225844,25153
239479,25219
278902,25273
225844,25333
97483,68
126668,248
128348,425
130931,230
103880,869
131402,65
131687,65
132191,59
132335,689
132644,749
133046,50
133622,695
134876,227
87292,47
135023,1397
135371,740
136214,1831
139006,1612
139279,992
139618,1532
139900,1532
140188,1532
140533,1532
135467,1508
141277,1786
142141,1828
87292,1106
144052,878
144331,1109
144448,407
145279,1831
146638,2215
146821,1286
147004,1882
147346,2170
130382,2395
130382,2515
130382,2767
130382,2827
104813,2170
149923,3286
148246,1885
148432,3631
130382,3787
155476,3997
156271,4039
150226,4111
148507,4207
148360,4321
157741,4240
158170,4465
158305,4567
148507,4648
148507,4780
129818,1642
130382,4885
161731,4942
146635,5005
148507,5116
148507,5185
151870,4240
148507,5359
148507,5437
148507,5614
148507,5728
148507,5863
148507,5977
148507,6046
148507,6172
158170,5626
148507,6313
148507,6427
167749,6490
148507,6547
148507,6607
148507,6766
148507,6910
148507,7126
148507,7201
148507,7270
148507,7432
148507,7558
174037,1382
148507,7747
148507,7810
176953,7879
148507,8074
148507,8218
177943,6934
163777,8314
188182,8941
164752,9409
178516,9481
183616,1927
164752,9616
199807,9772
164752,9853
164752,9943
164752,10096
164752,10183
164752,10336
164752,10504
209602,10570
210859,10822
209602,10906
209602,10969
210988,11029
210859,10951
213928,11161
209602,11311
343522,33283
341800,33394
346948,32191
225844,25594
272545,25861
274807,18766
239479,26056
225844,26047
284584,26332
272545,26494
284584,26698
280657,27217
151213,27679
272545,28705
303673,7027
176149,14152
312811,30811
314413,31096
169309,17329
312811,14152
167245,31339
176149,31480
312070,31609
328210,32098
334249,32359
337972,32737
337972,32878
97012,239
128330,923
132149,59
132632,1106
132803,50
127739,1412
135641,1451
131786,1564
138013,1451
139006,740
139279,986
139576,1831
140176,1532
140524,1532
140698,1532
141277,1777
143071,1891
143071,1912
140389,125
144265,479
143563,644
145252,1532
145405,2062
145495,2044
146167,1882
146437,2170
145093,1511
146779,1106
147448,1532
147658,1532
130382,2392
145150,1028
148507,2509
146635,1121
130382,2680
130382,2821
150226,2923
150226,2995
148507,3229
130382,3445
130382,3478
130334,3622
153967,3700
150226,3781
154129,3844
125936,125
130382,4243
153967,4318
142867,2314
157417,4240
158305,4510
148507,4612
148507,4681
157417,4741
135155,4813
161731,4972
162067,5038
137137,4240
163600,5149
163102,5329
164752,5401
163777,5470
163288,2314
157741,5566
164326,5647
125936,5434
148507,5767
148507,5827
129818,4834
167887,5947
148507,6085
153478,4663
163600,6277
156979,4663
163777,6520
172144,6739
148507,6802
173677,6871
148507,7012
148507,7165
175189,7309
148507,7471
148360,7597
148507,8035
148507,8185
176953,6343
174037,5278
163777,8695
178516,8794
187180,9082
187180,9148
187180,9229
193684,6955
164752,9451
164752,9661
164752,9739
201283,9817
164752,9901
178516,9988
195562,10141
164752,10228
200368,10381
164752,10462
177943,10693
209602,10783
135023,1439
209602,10930
209602,10993
137245,10951
211597,11125
209602,11356
165514,18625
251932,17119
165514,18781
165514,18883
225844,18964
225844,19039
251932,19915
225844,20422
165514,20746
262999,17059
225844,21208
225844,21331
246412,17227
225844,21418
180322,17059
165514,21730
225844,21961
239479,22105
239479,22297
267676,22540
225844,22318
225844,22330
225844,22750
165514,22909
225844,22975
210988,17059
224953,17059
262702,17626
225844,23443
272545,23509
225844,23698
225451,23974
165514,24169
254197,23923
165514,24454
165514,24580
239479,24922
239479,24985
225844,25051
224953,25114
280657,25177
225844,25363
176149,25345
225844,25537
239479,25723
284584,25798
225844,26191
232768,26575
284584,26710
292441,27157
225844,8737
151213,23464
151213,27766
151213,28306
298138,28480
225844,28717
272545,27694
303676,30031
312805,30757
312070,30898
262996,31453
314515,31126
326767,8413
151213,23029
331582,30670
314116,32305
335905,32191
344143,33046
130382,4309
148507,4375
130382,4429
158170,4501
135155,4603
135155,4732
148507,4807
157129,4159
125936,4927
129818,5029
163516,5143
148507,5203
148507,5320
148507,5395
165025,5461
135155,2155
148507,5584
148507,5764
148507,5950
148507,6004
148507,6076
148507,6136
163600,6268
148507,6388
148507,6460
172024,6514
148507,6730
148507,6796
148507,6862
148507,7003
148507,7081
148507,7234
175582,6955
148507,7519
174016,7648
148507,7711
163777,7774
174037,755
148507,8026
148507,8176
148507,8251
176953,6097
55296,8413
183610,8641
184150,6955
163777,8740
187180,8905
187180,9076
183616,8209
193684,8812
178516,9442
196348,9520
164752,9652
195562,9730
178516,9811
164752,9892
178516,9979
187120,10219
178516,10294
196348,10372
209611,10540
137245,10684
209602,10774
209602,10924
209602,11059
209602,11122
209602,11269
187120,11062
225844,25474
225844,25546
280657,24430
288913,26353
284584,26437
225844,25498
225844,27466
294382,27622
151213,27694
295591,28018
223120,28726
261565,29440
303676,30277
210382,30553
262996,13558
312070,31039
314416,31105
317119,31300
319873,31492
317119,31549
312070,31618
326767,31975
314515,31564
337102,32191
321148,32887
337972,33025
343522,33235
261565,25486
225844,25555
169309,25624
239479,26002
288913,26365
261565,26446
284584,27100
151213,27706
272545,27736
223120,28498
294745,28900
284584,28969
303673,30364
312070,31117
317119,31174
254302,30346
151213,31312
314416,30994
316558,32272
327061,32326
335905,32665
337972,32755
161986,32191
337972,33037
166027,11359
209602,11989
209602,12034
209602,12103
137245,12067
209602,12253
209602,12313
209602,12388
209602,12547
187120,12067
209602,12799
220708,12928
209602,13006
209602,13075
209602,13564
220603,13636
43233,13702
43233,13768
225844,13837
209602,13915
209602,14047
209602,14104
209602,14179
157417,14341
209602,14419
225451,11731
209602,14563
165514,14728
221299,14845
220603,14902
209602,14953
165514,15028
209602,15217
157417,15283
209602,15349
209602,15409
233722,15532
209602,15652
177943,14692
180322,15910
209602,16057
165514,16183
165514,16255
234793,16465
157417,16540
224953,16621
187276,10603
220603,16813
237877,16189
165514,16954
220603,17041
209602,17131
209602,17179
233776,11686
209602,17326
218566,17377
165514,17437
165514,17509
218566,17575
234793,13588
165514,17698
209602,17761
209602,17806
165514,17881
223612,16699
239479,18055
165514,15673
225844,18241
157417,18304
220603,18397
220603,18463
214999,11437
209602,11668
209602,11743
209602,11956
209602,12073
209602,12145
209602,12223
219100,12283
209602,12577
220603,12646
216634,11239
209191,8008
209602,13042
221299,13105
209602,13171
223612,13381
224008,13525
223612,13612
224119,13672
218566,13735
225844,13744
180322,4015
137245,1391
137245,12079
209602,14308
218566,14383
209602,14464
209602,14527
209602,14611
229603,14689
165514,14752
187276,14869
180322,14989
209602,15130
220603,15187
209602,15247
209602,15319
232846,15448
233710,15559
233707,15532
157417,15682
233776,15811
220603,15889
233698,16021
174331,8416
234793,14836
165514,16297
220603,16372
209602,16432
209602,16582
165514,16645
209602,16729
237877,16855
209602,16999
220603,17089
220603,17284
209602,17482
248122,17602
220603,17668
165514,17728
209602,17848
209602,17917
157417,18001
165514,18037
165514,18076
232768,18127
239479,18169
225844,18271
225844,18376
225844,18433
266590,33217
344143,33280
346948,32344
221296,14710
220603,18943
234793,19006
165514,19084
220603,20272
252994,20401
225844,20647
225844,20797
261565,20935
224119,17059
262996,15673
225844,21313
254857,21205
221296,21748
176149,21889
220603,21943
225844,22336
165514,22402
239479,22471
225844,22522
220603,22600
225844,22732
267676,22783
225844,22846
225844,22954
272545,23029
272545,22129
225844,23422
220603,23674
274492,23824
165514,24013
227518,17059
233776,24226
251932,15049
239479,24352
269461,13711
233776,24502
225844,24799
276892,13885
221296,24904
225844,25033
239479,25138
239479,17626
254857,17119
239479,18694
220603,18733
254857,17626
225844,18817
165514,18925
252994,19009
180322,19483
220603,19567
220603,20254
225844,20638
225844,20779
225844,21136
220708,20863
174331,21241
175909,17059
234793,2170
262702,21385
225844,21649
165514,21763
267676,21877
225844,22003
267676,22132
266590,22324
165514,22390
269461,17059
225844,22717
252994,22768
187120,14140
165514,22351
239479,23011
269461,23101
267676,23284
165514,23341
239479,23416
272641,23479
272545,23608
272545,23659
239479,23746
274492,23809
239479,23890
210988,23998
225844,24274
225844,24418
225844,24484
239479,24559
165514,24613
278902,17626
239479,25387
137245,11503
209602,11581
209602,11815
137245,11884
217561,11950
216802,11731
218545,12346
209602,12511
220603,12640
209602,12694
187120,12760
221299,12880
209602,13033
210382,10591
209602,13168
223612,13372
209602,13603
221296,13618
209602,13942
224119,14083
223612,14140
209602,5557
224119,14248
209602,14374
209602,14518
209602,14602
209602,14749
176305,14806
143644,13402
157417,14983
209602,15121
209602,15181
209602,15313
209602,15376
187276,13402
225850,9067
233776,15736
209602,15802
209602,15928
157417,16012
234793,16093
234793,16153
220603,16216
165514,16291
165514,16501
216262,15877
220603,16846
165514,16990
209602,17149
199807,17350
157417,17401
165514,17473
211600,17539
190459,11731
209602,17719
209602,17959
220603,18118
254197,18211
253042,18265
220603,18331
232768,18376
165514,18646
251932,146
225844,18721
225844,18799
224953,15595
220603,19543
165514,19927
225844,20950
165514,21055
262996,5557
225844,21493
220603,21745
225844,21910
220603,21985
220603,22063
267676,22177
165514,22249
225844,22561
165514,22642
266590,17512
272641,23077
225844,23134
225844,23209
225844,23329
225844,23398
267676,23458
272545,23527
221296,23722
165514,23791
165514,23869
165514,23938
239479,24190
233776,24469
165514,24538
165514,24595
225844,24655
239479,24877
239479,24943
225844,25072
280657,25312
225844,25444
225844,25519
239479,25711
272545,25852
280657,26557
288913,26632
224953,13744
280657,27208
151213,27670
151213,28294
262996,28462
151213,28615
225844,28696
225844,28864
151213,29011
305932,29401
307489,30469
309823,30673
312805,30805
313567,30877
314413,31015
317119,31273
312070,31471
312070,31528
162376,32191
233599,32641
220708,15169
251932,18649
220603,17227
165514,18979
220603,19450
174331,19483
225844,21046
266227,17617
262702,21559
221296,21805
267676,21856
225844,21976
165514,22372
262702,22552
267676,22696
269461,22921
225844,22987
165514,23131
225844,23200
165514,23392
180322,23518
272545,23713
220603,23782
165514,23860
180322,23926
221296,24049
225844,24109
225844,24319
221296,24460
225844,24721
278902,25066
272545,25189
239479,25306
225844,25603
239479,25795
284584,26062
225844,26188
225844,26251
225844,26644
224953,23620
292441,27154
282034,27310
151213,27688
295591,27850
298138,28396
151213,28477
284584,28948
225844,29182
303676,29947
317680,31453
316558,6304
321148,32158
335905,32251
337969,32746
278902,18169
225844,25699
176149,25957
284584,26026
284584,26152
284584,26467
278902,25612
261565,27415
280657,27724
151213,27889
298138,28441
151213,28756
294382,29146
151213,29224
284584,29389
302413,29470
302233,29593
302413,27466
302233,30388
254302,31069
317317,31183
317680,13525
176149,31516
321148,31585
233599,31969
328906,32134
162376,32344
335905,383
161986,32350
337972,33223
345178,33322
161986,32404
344143,33265
282034,25498
239479,25756
261565,25900
239479,26017
284584,26206
272545,26290
284584,26458
278902,13690
280657,28510
284584,28912
272545,28984
302413,29464
302719,29593
302233,30379
312070,30715
294382,30859
314410,30985
272545,31180
314515,30820
272545,31444
151213,31507
321148,31576
312070,31699
326767,31999
124100,119
76061,473
130478,44
130400,476
132086,50
132296,59
103880,1091
130382,1178
134057,50
120083,278
135554,1451
135821,1379
136169,1831
136613,479
136921,212
138574,1831
139381,1696
140095,1532
139978,98
140617,1532
142573,140
144568,2017
143497,98
145384,1532
145462,2104
146686,1882
146548,2167
147091,1532
147745,1286
100069,2170
148432,2491
140605,1975
148507,2653
130382,2734
104813,2455
149923,3052
151555,3211
104813,2209
130382,3349
148258,230
153226,3532
135155,3754
130382,3967
124100,2062
129818,3607
97039,80
76061,347
120719,521
130232,593
130382,770
122300,824
131255,872
130334,944
131918,59
132233,50
99643,983
132689,65
133460,1831
134879,194
135023,1379
135710,440
136577,440
137998,1672
139279,1693
139414,1244
140743,1831
140563,1286
142132,1843
136250,143
143854,1286
144898,1882
145105,1532
145306,1532
145435,479
145495,2137
146455,1642
145093,1508
147541,1532
147700,1532
130382,2524
145036,2458
150226,2797
80867,3013
151213,3103
149923,3307
130382,3388
130382,3721
156391,4051
130382,4183
157186,4255
148507,4387
129818,764
156391,2455
159259,4753
148507,4825
161731,4921
162067,1867
148360,5434
148507,5530
148507,5590
163777,5656
153478,5776
148507,5836
159259,5962
146635,4834
158788,6217
163777,6346
148507,6406
163777,6526
148507,6583
148507,6811
148258,6619
174037,6955
148507,7102
148507,7177
148507,7249
153478,7321
163777,1379
148507,7663
148507,7786
163777,7852
148507,7927
177265,7975
148507,8047
148507,8197
176578,1451
177943,6097
167749,8290
163777,8482
163777,8596
163777,8659
163777,8746
184150,8797
166531,9088
190462,9160
187180,9241
178516,9313
195913,92
190462,9913
164752,10000
164752,10153
164752,10240
177943,10393
164752,10477
209602,10555
209602,10618
209602,10705
211600,10876
210988,11002
209602,11074
209602,11137
209602,11218
209602,11281
135023,11092
135155,4210
155476,4291
130382,4408
159031,650
135155,4786
163516,5125
163516,5248
157741,3274
158170,5092
148507,5446
165514,5557
148507,5620
148360,5680
165025,5737
148507,5797
145864,1034
167749,5926
148507,5986
148507,6052
148507,6241
162085,5926
163102,6373
172024,6496
172024,6697
148507,6772
163102,6619
148507,6916
158170,6985
148507,7210
148507,7441
167749,788
135023,6952
175909,3985
148507,8224
164326,8317
182083,8566
188503,9019
178516,9055
178516,9349
164752,9490
195565,9625
178516,9703
164752,9781
164752,9862
164752,9952
164752,10039
178516,10105
164752,10345
196348,10657
209602,10744
177943,146
210382,11104
113471,125
129818,215
117278,302
128879,476
113471,554
130400,743
130844,50
130382,899
131783,59
132107,476
132302,50
132788,416
132917,599
133316,1205
97012,1286
97012,167
134795,755
83665,80
135665,1484
130382,1538
139183,47
140323,1532
80867,1741
140656,1532
142867,1906
143614,1831
144757,1912
145198,1882
145468,1532
145729,1532
146101,1642
146554,1532
146701,1882
147127,1532
147301,1496
147613,1532
147766,1882
147130,1831
146635,2494
130382,2596
130382,2659
130382,2740
149923,2920
149923,3058
124100,1028
151555,3217
151555,2209
130382,3424
148258,1666
153592,3604
150226,3973
148507,4147
130598,65
90208,125
108170,767
122300,821
131255,89
132677,50
132812,65
133670,740
133973,50
135062,1831
87292,1409
136565,416
137068,1831
138433,440
138433,98
130382,1726
140365,1532
140551,1532
140905,479
142747,479
143854,1642
144349,1831
144889,1882
145093,1451
145243,1028
145429,1532
146452,1028
146836,1882
147016,2227
147187,2227
146683,2239
146923,2335
147814,1882
130382,2419
130382,2776
148360,554
149923,2935
149923,3010
149923,3100
151558,1885
130382,3451
146638,3496
55296,3271
132632,1810
130382,3793
148432,3859
156391,4048
150226,4120
130382,4180
148507,4216
130382,4294
157417,4366
158170,4321
148258,332
148507,4582
135155,4657
159031,4717
158305,4900
155476,2455
163516,5131
163288,2509
164752,5371
148507,5500
105569,5626
163777,5647
148507,5743
148507,5800
167245,2851
148507,6055
148507,6247
148507,6319
148258,4240
148507,6439
163600,6619
153478,6706
148507,6778
148507,6922
148507,7213
148507,7279
148507,7366
148507,7444
175876,7573
148507,7624
163600,7693
148507,7759
175909,7822
177265,7891
167749,6343
177943,8011
176719,8320
163777,8344
163777,8008
162376,8014
183616,8638
185083,8725
183493,8773
183493,8824
187180,8890
178516,9199
194365,9352
164752,9424
164752,9631
164752,9706
164752,9787
164752,9868
164752,9958
200368,10111
164752,10432
209602,10579
209602,10663
209602,10750
209602,10837
187120,10888
209602,11041
209602,11176
209602,11257
209602,11521
209602,11680
217483,11899
216634,11968
218224,12079
209602,12361
195562,11395
209602,12772
209602,12898
218566,13048
196348,13183
209602,13267
221299,13474
223861,13537
223612,146
225844,13735
209602,13957
209602,14026
225850,12079
135023,12082
209602,14314
209602,14395
157417,14977
157417,15067
230224,15259
157417,15331
209602,15394
232858,15460
232855,15448
209602,15625
209602,15823
157417,15892
209602,15949
209602,16033
209602,16165
209602,16309
209602,16381
230224,16594
209602,16657
237877,14836
165514,16795
220603,16864
220603,16927
209602,17011
209602,17158
209602,17215
157417,17296
239479,16699
157417,17614
209602,17680
209602,17794
209602,17860
199807,17875
188503,17863
220603,13804
143644,11239
254302,18223
209107,17974
165514,18340
225844,18385
232768,18445
97039,86
76061,263
97012,353
76061,443
127424,719
130382,827
130382,875
131945,65
132239,59
132506,125
132815,41
125936,1253
134375,440
135083,1831
135434,1831
138100,212
138436,98
137998,230
139978,440
140272,1532
140380,1532
141310,1451
142132,1816
142132,1849
143212,1256
145441,1532
147148,1451
146683,2305
147562,1618
147715,1532
147814,2062
130382,2428
144784,2062
90208,101
130382,2707
148360,800
143071,2896
148507,3019
149923,3109
149923,3178
149923,3316
151870,3394
153769,3646
154120,3724
153769,3865
130382,3937
155476,4003
148507,2314
209602,11320
166027,11401
209602,11479
209602,11554
209602,12043
218545,12184
216634,12259
209602,12484
220708,11929
209602,12739
209602,12805
209602,12862
209602,12937
209602,13015
209602,13078
209602,13216
223549,12247
209602,13426
220603,13495
43233,13573
209602,13777
218566,13846
209602,14056
220603,14113
216634,14038
209602,14287
209602,14347
209602,5560
157417,14503
209602,14788
229606,14854
209602,14911
209602,14962
209602,15103
209602,15163
230224,15220
209602,15289
232858,15487
232858,14500
233776,15661
209602,15778
209602,15988
209602,16066
165514,16192
165514,16261
157417,16402
165514,16756
220603,16822
157417,16891
220603,16963
239479,17134
209602,17251
209602,17446
210859,17107
209602,17767
157417,17890
157417,17932
237877,17875
157417,18148
254197,18250
220603,18313
225844,18364
220603,18406
255385,18472
256684,18670
225844,18745
165514,18772
165514,18868
225844,18952
220603,19027
225844,19966
237877,19915
234793,19915
220603,20275
225844,20410
220603,20464
262999,20656
262702,21016
224119,13885
225844,21949
225844,22216
195562,22342
225844,22609
210988,22681
239479,22789
180322,11002
225844,22963
220603,23038
267676,23023
267676,23308
225844,23368
225844,23428
225844,23683
274492,23833
165514,24019
225844,24088
225844,24154
272545,24361
272545,24442
225844,24508
239479,25039
225844,25285
209602,11485
209602,11863
217561,11860
209602,12115
216634,12130
218545,11695
209602,12616
220603,12811
209602,12943
209602,13018
209602,13222
209602,13432
220603,13363
209602,13579
224119,13645
209602,13852
224953,13927
209602,13990
225850,14062
225850,10951
135023,13807
220603,14353
209602,14506
209602,14656
165514,14968
209602,15109
137245,15169
209602,15295
232447,13996
209602,15421
233599,15532
233776,15595
233776,15667
209602,15784
209602,15916
165514,16072
209602,16141
166027,16090
165514,16267
165514,16339
165514,16408
165514,16477
209602,16696
209602,16828
157417,16894
165514,17056
177943,17137
157417,17257
143644,17383
221296,9364
209602,17818
143644,13741
209602,17992
251932,16699
220603,18151
253042,18196
225844,18316
237877,18337
157417,18412
225844,18475
157186,4258
148507,4339
148507,4393
156391,2170
148507,4522
148507,4627
158170,4756
155467,4831
158305,4864
159259,2476
162085,4984
148507,5101
163777,5281
148507,5347
148507,5533
163777,5659
162085,5647
124100,2851
148507,6025
135155,6115
148507,6223
148507,6352
163777,6472
153478,2038
129818,2509
148507,6814
148507,6886
148507,7108
148507,7252
163777,7330
148507,7399
148507,7480
148507,7537
174016,1382
148507,7669
148507,7729
148507,7789
176953,6955
148507,8053
163777,8203
105569,7981
164326,8437
178516,8749
174037,8812
182083,8992
178516,4030
190462,2329
195562,9385
195913,9463
164752,9598
164752,9754
164752,9919
202816,10006
178516,10159
164752,10246
207466,10312
164752,10399
164752,10483
209602,10534
209602,10624
209602,10798
209602,10882
209602,10945
209602,11008
209602,11080
209602,11143
209602,11221
177943,10951
165514,18709
220708,17626
165514,18778
220603,18958
225844,19270
225844,10603
225844,20113
220603,20197
221296,19915
225844,20467
262702,21166
187276,17329
220603,21322
225844,21535
262702,21721
225844,21784
262702,21805
221296,22156
220603,22222
267676,22294
220603,22348
239479,22615
239479,22900
165514,23122
165514,23179
165514,23314
267676,23026
210988,23620
269461,23767
225844,23839
225844,23968
274492,24094
180322,24160
180322,24241
272545,24298
233776,24367
225844,24448
262702,24487
221296,24757
279010,24913
225844,24979
225844,25114
187120,17626
225844,25354
225844,25411
209602,11455
209602,11599
211597,8737
209602,11974
209602,12019
218224,12082
209602,12238
209602,12451
196348,12529
209602,12718
173677,10414
210859,13123
137245,9067
221299,12247
223861,13480
209602,13684
209602,13816
187120,8011
220603,14161
209602,14320
218566,14479
220603,14542
157417,14623
230224,14830
221296,15004
165514,15070
137245,13828
209602,15265
209602,15400
232768,15502
233722,15568
233776,15631
209602,15700
230224,15826
180322,6097
209602,15955
209602,16114
230224,16171
234793,16231
209602,16444
209602,16600
220603,16663
209602,16735
220603,16870
209602,17017
239479,17107
209602,17161
220603,17302
225844,17362
220603,17557
209602,17686
220603,17743
165514,17797
220603,17866
239479,17875
225844,18010
237877,17119
220603,18085
225844,18175
157417,18280
237877,18055
157417,18445
282034,17059
225844,25471
280657,25543
225844,25609
239479,25729
284584,26260
284584,26512
280657,22912
210382,26500
284584,26788
272545,26860
284584,27007
280657,27544
295591,27859
298138,28405
298138,28486
210382,28492
151213,28807
284584,28885
272545,27670
309823,30625
312805,30763
319873,31489
311326,31537
302413,31675
326767,31972
280657,32311
335905,32656
254302,31840
314515,31582
343522,33232
346948,33463
225844,25549
225844,25615
232768,25900
284584,25993
284584,26068
225844,26266
288913,26356
284584,26794
292441,27169
292441,27238
176149,25498
280657,27550
151213,28021
151213,28318
223120,28492
262702,28645
262702,29173
303055,29635
232768,30355
303676,30424
254302,30814
312070,31303
167245,31360
312070,31432
317119,31552
321148,31840
162376,32266
335905,32659
143644,32890
337972,33028
150226,4252
157417,4327
153592,2314
148507,4441
158170,4516
148507,4621
146635,3496
130382,4750
148507,4822
156979,650
161731,4978
162376,1867
148507,5095
148507,5158
148507,5218
163777,5275
163777,5338
153478,5653
166531,5698
148507,5773
148507,5833
162085,5887
148507,6019
135155,1034
148507,6214
153478,6397
163777,6580
163777,6808
148507,6880
174016,5647
148507,7021
148507,7099
148507,7174
148507,7318
148507,7393
175582,6952
148507,7534
148507,7660
148507,7726
176578,7849
148507,7924
177265,8044
148507,8107
163777,8194
167749,6934
180322,8413
163777,8479
178516,8656
185083,8701
184150,8812
187180,8917
178516,8983
178516,9085
178516,9238
178516,9376
195913,9457
164752,9538
164752,9826
164752,9910
164752,9997
178516,10237
164752,10303
164752,10390
209107,10471
209602,10531
209602,10615
209602,10702
209602,10789
209602,10873
209602,10939
177943,10996
209602,11134
137245,18325
237877,14692
165514,19057
220603,19555
220603,20155
165514,20245
175909,19483
175909,8737
224119,13741
220603,21235
234793,2167
225844,21376
225844,21637
165514,21700
165514,21823
165514,21868
225844,21994
239479,22180
220603,22318
225844,22384
225844,22504
225844,22888
225844,23002
176149,23089
233776,23221
220603,23467
165514,23539
225844,23599
272545,23650
267676,23734
220603,23878
225844,24058
225844,24202
225844,24265
239479,24331
225844,24409
187276,18376
262702,24886
272545,25084
239479,25321
225844,25432
113471,173
121079,350
124100,440
120719,524
130514,50
130637,98
130700,59
131261,869
131426,59
131714,740
131912,50
125936,1034
132704,50
135023,1382
135077,194
135947,740
137668,1831
138100,170
137998,371
139375,140
139996,146
140203,1532
140377,1451
140566,1532
140605,179
142132,1846
143212,47
144463,440
144733,1532
145309,98
145435,1831
145621,1532
146455,1286
144460,1508
130382,2302
147559,1532
147709,1532
130382,2527
130382,2569
149476,2422
148360,152
148507,3016
153769,3643
150226,1810
135155,125
130382,3862
130382,3934
154129,4000
148507,4186
157186,776
148258,4390
157741,4444
158170,4519
158170,3271
148507,4624
146635,4681
137137,416
148507,4828
161731,4924
162085,4981
162067,5047
148507,5224
162085,5278
163102,5344
164866,5416
164866,764
148507,5593
164326,2437
148507,5704
148507,5779
148507,5839
148507,5893
148507,6022
148507,6220
148507,6292
148507,6349
163777,6529
148507,6586
148507,6883
163777,6958
174331,7027
148507,7105
148507,7324
148507,7396
174016,1379
176578,929
148507,7978
148507,8050
148507,8113
148507,8200
163777,8434
163777,8593
183493,8662
167749,7384
183616,8008
174037,8809
187183,8860
174037,9043
175582,9043
187276,9244
194365,9382
195913,9460
164752,9751
178516,9832
164752,9916
164752,10003
164752,10156
164752,10243
164752,10396
164752,10480
209602,10621
209602,10879
182083,10942
213928,11140
177943,11092
209602,11452
209602,11524
209602,11596
209602,11755
166027,11824
209602,11971
218566,12235
135023,8008
209602,12583
209602,12715
209602,12901
209602,12982
174331,13051
209602,13120
209602,13186
137245,13270
223861,13477
135023,8011
220603,13747
209602,13813
220603,13894
143644,11779
209602,14260
209602,14317
157417,14398
223612,14476
216262,10591
157417,14620
229603,14701
229606,14827
209602,14875
230224,14878
229603,15001
216802,15202
209602,15262
209602,15334
209602,15397
232846,15463
220603,11239
209602,15628
233707,15895
165514,16111
230224,16168
234793,16228
165514,16312
175909,8416
209602,16519
209602,16597
220603,16660
220603,16798
220603,16867
220603,16930
137245,16699
165514,17218
209602,17299
225844,17419
218566,17554
225844,17617
209602,17683
165514,17740
234793,13591
137245,17863
165514,17923
188503,17119
165514,18043
157417,18082
251932,18055
157417,18160
252994,18388
220603,18448
209602,11590
209602,11677
209602,11749
209602,11830
137245,6931
209602,12445
161986,12067
195562,10591
220603,12655
209602,12832
209602,12976
180322,12880
209602,13114
209602,13264
221299,11692
187276,13357
209602,13471
209602,13534
220603,13621
209602,13681
209602,14023
225850,146
209602,14257
187120,12082
157417,14473
223612,14536
209602,14872
209602,14998
220603,15064
209602,15196
209602,15328
165514,15391
232846,15457
223612,13591
233701,15568
209602,15820
165514,15946
157417,16030
209602,16108
165514,16162
232768,13393
165514,16306
209602,16438
209602,16591
237877,146
209602,16792
220603,17098
209602,17212
165514,17293
220603,17413
209602,17491
165514,17548
218566,17611
209602,17857
199807,17920
209602,17971
237877,17626
165514,18136
254302,17107
225844,18442
239479,25582
225844,25648
261565,17329
239479,25774
261565,25840
176149,25963
284584,26161
272545,26908
278902,27349
151213,27736
151213,27901
151213,28450
312070,30796
314416,31003
151213,31141
213928,31195
213928,31660
162376,32404
148258,32863
254197,18766
165514,18805
165514,18910
165514,19054
220603,20152
262702,20401
262996,13543
225844,20986
165514,21064
225844,21127
165514,21187
225844,21259
225844,21442
262996,18250
225844,21697
225844,21820
225844,21916
262702,22183
267676,22318
225844,22711
233776,22351
176149,23086
165514,23218
267676,23029
233776,23731
239479,23794
225844,23875
165514,23989
225844,24124
165514,24199
165514,24406
239479,24736
187120,24757
225844,24883
225844,24949
225844,25081
225844,25141
280393,17626
254197,25318
344143,33274
341734,32191
347974,33520
225844,25429
221296,18169
239479,25645
272545,25771
272545,26158
272545,26308
274807,18250
225844,24430
284584,26833
292441,27193
169309,27820
294382,27898
272545,27712
151213,28600
294382,5557
151213,29668
314416,31000
151213,31192
317119,31258
314116,17329
233599,31942
327844,32086
335905,32344
344143,33271
341734,32344
137245,18343
252994,18691
225844,18727
229606,18649
165514,18919
252994,19003
225844,20005
165514,20251
225844,20323
225844,20380
220603,20500
165514,20704
225844,21067
220603,21133
254857,20863
234793,17347
165514,21379
165514,21505
225844,21643
262702,22078
225844,22126
239479,22264
239479,13618
165514,22510
225844,22576
221296,16714
225844,22828
239479,22936
239479,23008
165514,23146
225844,23410
267676,23545
272545,23605
225844,23656
272641,23740
225844,23803
220603,23884
165514,23950
262702,14140
225844,24271
165514,24337
239479,24412
221296,24556
276892,17059
225844,24952
272545,25015
187120,25138
221296,25138
225844,25651
284584,25846
284584,25918
284584,26044
284584,26104
288913,26398
284584,26842
294382,27514
169309,13321
296647,28066
280657,28147
295591,28537
302413,29551
307489,30463
308278,30481
312070,30739
312070,31009
312070,30820
317317,31201
317119,31267
302413,31399
321148,31663
307204,30670
202816,31126
162376,32230
169309,30373
337102,32344
344143,32344
341059,33385
220708,14710
237877,14716
225844,19000
225844,19060
225844,20158
229606,17626
165514,20773
220603,21130
220603,21238
234793,17344
237877,16720
225844,21502
262999,21640
225844,21871
225844,21919
225844,22321
220603,22387
272104,5557
225844,23335
225844,23470
165514,23602
165514,24130
165514,24268
165514,24334
251932,383
239479,25012
280657,20263
239479,25258
278902,25384
239479,25435
225844,25513
225844,25585
225844,25843
284584,26314
284584,26482
284584,26623
210382,6304
280657,27283
297352,28204
298822,28606
225844,28684
284584,29839
294382,30004
284584,30325
272545,27883
311326,30661
314416,31006
314413,31198
317119,31264
280657,31333
311326,31030
321148,31720
307204,31126
311326,32140
314116,31246
